country,country_code,year,life_expectancy,physicians_per_1000,gdp_per_capita,health_exp_per_capita
Africa Eastern and Southern,AFE,2010,58.827279206282,0.164466780026955,1628.905248,104.353723653982
Africa Eastern and Southern,AFE,2022,64.4871517904367,0.243384946439894,1679.327622,92.0352883967091
Afghanistan,AFG,2006,58.553,0.166,274.2185536,28.9412632
Afghanistan,AFG,2007,58.956,0.182,376.223152,32.70893097
Afghanistan,AFG,2008,59.708,0.183,381.733238,39.88624954
Afghanistan,AFG,2009,60.248,0.22,452.0537055,43.13351822
Afghanistan,AFG,2010,60.702,0.244,560.6215055,46.42438889
Afghanistan,AFG,2011,61.25,0.258,606.6946763,52.18721771
Afghanistan,AFG,2012,61.735,0.246,651.4171345,52.45247269
Afghanistan,AFG,2013,62.188,0.29,637.0870991,56.16043472
Afghanistan,AFG,2014,62.26,0.304,625.0549418,60.04951096
Afghanistan,AFG,2015,62.27,0.29,565.5697304,59.91960526
Afghanistan,AFG,2016,62.646,0.284,522.0822156,61.37234497
Afghanistan,AFG,2017,62.406,0.245,525.4697709,66.82388306
Afghanistan,AFG,2018,62.443,0.303,491.3372214,71.22509003
Afghanistan,AFG,2019,62.941,0.214,496.6025043,74.0642395
Afghanistan,AFG,2020,61.454,0.253,510.7870634,80.0892334
Africa Western and Central,AFW,2000,50.2981700134604,0.192750560704467,518.9692261,18.1469163027153
Africa Western and Central,AFW,2010,54.603593426599,0.210365597083694,1662.633658,59.5797915125488
Africa Western and Central,AFW,2022,57.9878499444678,0.258635594198467,2138.473153,74.4412528236061
Angola,AGO,2004,51.123,0.063,1451.471179,50.23310852
Angola,AGO,2009,56.225,0.132,3645.148466,120.5289917
Angola,AGO,2017,62.122,0.212,2790.718869,112.75364685
Angola,AGO,2018,62.622,0.211,2860.093648,83.87555695
Angola,AGO,2022,64.246,0.244,3682.113151,103.94506073
Albania,ALB,2000,74.826,1.366,1160.420471,65.47674561
Albania,ALB,2001,75.083,1.303,1326.416524,73.92171478
Albania,ALB,2002,75.299,1.167,1479.838846,78.72909546
Albania,ALB,2003,75.557,1.186,1908.699007,105.43667603
Albania,ALB,2004,75.951,1.194,2446.909499,136.50724792
Albania,ALB,2006,76.994,1.189,3057.77257,164.22090149
Albania,ALB,2007,77.691,1.2,3743.055299,209.31910706
Albania,ALB,2009,78.509,1.235,4213.650076,236.94244385
Albania,ALB,2010,78.414,1.243,4149.144699,253.98246765
Albania,ALB,2011,78.303,1.229,4465.709143,273.75292969
Albania,ALB,2012,78.084,1.27,4280.933163,260.68319702
Albania,ALB,2013,77.995,1.276,4542.929036,276.0765686
Albania,ALB,2016,78.643,1.212,4457.634122,275.43676758
Albania,ALB,2019,79.467,1.645,6069.439031,366.34014893
Albania,ALB,2020,77.824,1.879,6027.913507,396.17477417
Andorra,AND,2000,81.863,2.557,21810.25038,1294.09118652
Andorra,AND,2001,82.162,2.656,23511.29695,1378.70837402
Andorra,AND,2002,82.448,3.053,26528.13006,1590.68554688
Andorra,AND,2003,82.718,3.511,34063.5756,1888.13574219
Andorra,AND,2004,82.815,3.217,39021.11071,2060.26928711
Andorra,AND,2005,83.086,3.295,40829.81164,2279.53051758
Andorra,AND,2006,83.374,3.065,43467.19631,2151.95092773
Andorra,AND,2007,83.632,3.04,48336.25483,2388.17407227
Andorra,AND,2009,84.1,3.17,43975.00009,2679.67358398
Andorra,AND,2010,84.197,2.949,42746.83039,3286.52954102
Andorra,AND,2011,84.296,3.136,46657.14954,3555.52319336
Andorra,AND,2012,84.334,3.112,41500.55,2788.69238281
Andorra,AND,2013,84.406,3.165,42470.32304,2886.97241211
Andorra,AND,2014,84.485,3.297,44369.6713,3005.21557617
Andorra,AND,2015,84.532,3.754,38654.95288,2672.49731445
Andorra,AND,2016,84.489,4.058,40129.83858,2785.64599609
Andorra,AND,2017,84.359,4.119,40672.97174,2876.24194336
Andorra,AND,2018,84.242,4.535,42819.75775,3159.16162109
Andorra,AND,2019,84.098,4.392,41257.81646,3021.078125
Andorra,AND,2020,79.418,4.587,37361.10701,3282.02587891
Andorra,AND,2021,82.331,4.758,42425.70665,3668.44750977
Andorra,AND,2022,84.016,5.157,42414.04799,3190.11328125
Arab World,ARB,2022,71.8760955992222,1.1767238952236,7950.35582,348.767262238545
United Arab Emirates,ARE,2000,76.347,1.616,29865.50235,706.03112793
United Arab Emirates,ARE,2001,77.621,1.759,27745.17081,689.29278564
United Arab Emirates,ARE,2002,78.721,1.761,27753.60895,754.26220703
United Arab Emirates,ARE,2003,79.6,1.838,29659.54286,784.89343262
United Arab Emirates,ARE,2004,80.272,1.762,33376.71523,821.74920654
United Arab Emirates,ARE,2005,80.779,1.494,38719.31383,898.36480713
United Arab Emirates,ARE,2006,81.155,1.407,44342.60483,1031.14904785
United Arab Emirates,ARE,2007,81.438,1.541,45854.73252,1176.49328613
United Arab Emirates,ARE,2008,81.591,1.845,50054.17007,1465.82446289
United Arab Emirates,ARE,2009,81.679,1.792,37803.06637,1531.02209473
United Arab Emirates,ARE,2010,81.886,1.749,44795.29493,1619.98864746
United Arab Emirates,ARE,2011,81.898,1.786,51921.90451,1787.59997559
United Arab Emirates,ARE,2012,81.913,1.801,53141.61243,1711.38525391
United Arab Emirates,ARE,2013,81.95,2.045,53247.24095,1789.68579102
United Arab Emirates,ARE,2014,81.99,2.232,52725.23584,1776.7310791
United Arab Emirates,ARE,2015,82.076,2.361,44910.335,1479.49743652
United Arab Emirates,ARE,2016,82.195,2.458,42721.09994,1592.91906738
United Arab Emirates,ARE,2017,82.388,2.502,43733.61923,1695.203125
United Arab Emirates,ARE,2018,82.449,2.605,47135.35919,1872.58422852
United Arab Emirates,ARE,2019,82.596,2.71,45938.60736,1962.46728516
United Arab Emirates,ARE,2020,81.936,2.83,37991.7493,2154.41113281
United Arab Emirates,ARE,2021,79.083,2.786,44118.50472,2249.96313477
United Arab Emirates,ARE,2022,80.487,2.915,50759.75892,2240.9050293
Argentina,ARG,2001,74.154,3.2481,7141.475077,660.63378906
Argentina,ARG,2004,74.871,3.1857,4242.020991,303.31906128
Argentina,ARG,2012,75.802,4.823,12949.717490000001,1363.21618652
Argentina,ARG,2013,75.829,4.884,12963.67577,1428.91125488
Argentina,ARG,2014,76.268,4.925,12233.14441,1291.32458496
Argentina,ARG,2015,76.6,4.98,13679.6265,1523.90979004
Argentina,ARG,2016,76.105,5.024,12699.96231,1276.79785156
Argentina,ARG,2017,76.543,5.094,14532.50093,1491.11877441
Argentina,ARG,2018,76.77,5.167,11752.79989,1195.59973145
Argentina,ARG,2019,76.847,5.25,9955.974787,1007.45629883
Argentina,ARG,2020,75.878,5.304,8535.59938,910.9586792
Argentina,ARG,2021,73.948,5.384,10738.01792,1182.15930176
Argentina,ARG,2022,75.806,5.437,13962.18941,1415.79577637
Armenia,ARM,2000,72.8804878048781,2.652,593.4505817,25.6606369
Armenia,ARM,2001,72.9756097560976,2.59,659.5889885,31.90725899
Armenia,ARM,2002,72.8268292682927,2.545,742.6511183,59.20983887
Armenia,ARM,2003,72.8268292682927,2.439,882.0301677,66.31577301
Armenia,ARM,2004,73.0268292682927,2.443,1130.087914,71.65074158
Armenia,ARM,2005,73.0756097560976,2.543,1557.484589,95.55093384
Armenia,ARM,2006,72.8243902439025,2.562,2041.652671,124.8989563
Armenia,ARM,2007,72.8731707317073,2.635,2962.702346,170.15332031
Armenia,ARM,2008,73.0731707317073,2.695,3777.668593,261.59963989
Armenia,ARM,2009,73.0731707317073,2.714,2820.592655,247.90641785
Armenia,ARM,2010,73.1731707317073,2.79,3041.344507,291.77758789
Armenia,ARM,2011,73.8170731707317,2.822,3349.553098,325.29086304
Armenia,ARM,2012,74.119512195122,2.859,3511.563997,331.91378784
Armenia,ARM,2013,74.6219512195122,2.878,3680.166922,392.85253906
Armenia,ARM,2014,74.8731707317073,2.883,3852.118006,404.33874512
Armenia,ARM,2015,74.8707317073171,2.919,3512.393503,365.51950073
Armenia,ARM,2016,74.8682926829268,2.887,3524.424769,359.58227539
Armenia,ARM,2017,75.2170731707317,2.903,3869.053739,409.80145264
Armenia,ARM,2018,75.619512195122,2.893,4196.005623,428.34579468
Armenia,ARM,2019,76.2219512195122,3.026,4597.228874,533.69952393
Armenia,ARM,2020,73.3756097560976,3.163,4268.680933,535.2723999
Armenia,ARM,2021,72.2780487804878,3.255,4685.179971,595.83544922
Armenia,ARM,2022,74.7658536585366,3.36,6571.974455,674.78619385
Antigua and Barbuda,ATG,2007,75.72,1.763,18204.5124,714.27496338
Antigua and Barbuda,ATG,2008,76.075,0.543,18786.67431,694.03344727
Antigua and Barbuda,ATG,2017,77.03,2.917,16965.72883,791.12322998
Australia,AUS,2000,79.2341463414634,2.476,21908.9968,1626.73388672
Australia,AUS,2001,79.6341463414634,2.551,19733.65101,1550.37390137
Australia,AUS,2002,79.9365853658537,2.546,20335.09602,1752.93896484
Australia,AUS,2003,80.2390243902439,2.615,23757.58985,2227.12768555
Australia,AUS,2004,80.490243902439,2.692,30886.05009,2744.08105469
Australia,AUS,2005,80.8414634146341,2.764,34535.20727,2995.87255859
Australia,AUS,2006,81.0414634146342,2.825,36658.82435,3174.86865234
Australia,AUS,2007,81.2926829268293,2.99,41128.24766,3792.80981445
Australia,AUS,2008,81.3951219512195,3,49811.20672,4083.42944336
Australia,AUS,2009,81.5439024390244,3.104,42954.84949,3989.44116211
Australia,AUS,2010,81.6951219512195,3.345,52313.8939,4947.96337891
Australia,AUS,2011,81.8951219512195,3.296,62799.3895,5876.88525391
Australia,AUS,2012,82.0463414634146,3.293,68301.44025,6038.87158203
Australia,AUS,2013,82.1487804878049,3.356,68476.67885,5811.86865234
Australia,AUS,2014,82.3,3.432,62817.20618,6098.25439453
Australia,AUS,2015,82.4,3.486,56970.3613,5271.93310547
Australia,AUS,2016,82.4487804878049,3.557,50084.44406,5418.43652344
Australia,AUS,2017,82.5,3.656,54117.54772,5770.69042969
Australia,AUS,2018,82.7487804878049,3.726,57410.17373,5843.64794922
Australia,AUS,2019,82.9,3.808,55194.75851,5543.37841797
Australia,AUS,2020,83.2,3.895,51983.45237,5968.00341797
Australia,AUS,2021,83.3,3.976,60758.90444,7092.13476563
Australia,AUS,2022,83.2,4.086,65169.51911,6723.98242188
Austria,AUT,2000,78.1268292682927,3.876,24487.29747,2301.89208984
Austria,AUT,2001,78.5756097560976,3.989,24430.49598,2315.42285156
Austria,AUT,2002,78.6780487804878,4.06,26334.86222,2531.61938477
Austria,AUT,2003,78.6317073170732,4.144,32110.11597,3122.31201172
Austria,AUT,2004,79.1804878048781,4.232,36614.25065,3606.77856445
Austria,AUT,2005,79.3317073170732,4.348,38157.37023,3720.02441406
Austria,AUT,2006,79.8804878048781,4.477,40382.20783,3899.90722656
Austria,AUT,2007,80.1804878048781,4.562,46622.96229,4484.81640625
Austria,AUT,2008,80.4317073170732,4.627,51581.39824,5080.83740234
Austria,AUT,2009,80.3317073170732,4.722,47857.44466,4939.75878906
Austria,AUT,2010,80.5804878048781,4.827,46611.13934,4815.26953125
Austria,AUT,2011,80.9829268292683,4.875,51116.89535,5191.92333984
Austria,AUT,2012,80.9365853658537,4.927,48250.40591,4983.67724609
Austria,AUT,2013,81.1365853658537,5.018,50305.35458,5251.96826172
Austria,AUT,2014,81.490243902439,5.076,51314.97226,5418.47558594
Austria,AUT,2015,81.190243902439,5.124,43915.22802,4649.59667969
Austria,AUT,2016,81.6414634146342,5.129,45061.49939,4758.89892578
Austria,AUT,2017,81.6439024390244,5.182,47163.74258,4999.86962891
Austria,AUT,2018,81.6926829268293,5.241,51194.07498,5394.55908203
Austria,AUT,2019,81.8951219512195,5.318,49885.99474,5313.19287109
Austria,AUT,2020,81.1926829268293,5.344,48716.40989,5569.84130859
Austria,AUT,2021,81.190243902439,5.432,53648.6438,6554.14257813
Austria,AUT,2022,81.2951219512195,5.432,52336.77252,5897.97607422
Azerbaijan,AZE,2000,65.377,3.552,655.0972496,19.01968193
Azerbaijan,AZE,2001,66.043,3.525,703.6709986,19.19010162
Azerbaijan,AZE,2002,66.769,3.541,763.1088955,20.45606041
Azerbaijan,AZE,2003,67.036,3.534,883.6925807,23.62244987
Azerbaijan,AZE,2004,67.488,3.54,1045.013633,27.1906395
Azerbaijan,AZE,2005,67.71,3.557,1578.36733,34.35204697
Azerbaijan,AZE,2006,68.489,3.532,2472.957257,49.87102127
Azerbaijan,AZE,2007,68.659,3.669,3851.330152,74.65649414
Azerbaijan,AZE,2008,69.355,3.635,5574.468104,111.88427734
Azerbaijan,AZE,2009,69.874,3.626,4950.39949,135.40127563
Azerbaijan,AZE,2010,70.309,3.617,5843.533768,153.0665741
Azerbaijan,AZE,2011,70.565,3.397,7189.818692,184.93493652
Azerbaijan,AZE,2012,71.08,3.449,7495.865277,234.60324097
Azerbaijan,AZE,2013,71.485,3.413,7875.345367,251.67863464
Azerbaijan,AZE,2014,71.93,3.401,7890.840281,280.22314453
Azerbaijan,AZE,2015,72.349,3.328,5500.503646,236.25979614
Azerbaijan,AZE,2016,72.568,3.262,3880.685228,169.69596863
Azerbaijan,AZE,2017,72.694,3.197,4147.198142,167.01565552
Azerbaijan,AZE,2018,73.016,3.236,4739.794312,180.03610229
Azerbaijan,AZE,2019,73.29,3.148,4805.753718,199.25746155
Azerbaijan,AZE,2020,70.312,3.125,4229.910649,245.21949768
Azerbaijan,AZE,2021,70.999,3.123,5408.045352,250.9887085
Azerbaijan,AZE,2022,74.125,3.185,7770.594223,261.44659424
Burundi,BDI,2000,47.617,0.052,134.5378618,5.67927122
Burundi,BDI,2004,52.217,0.027,125.1949652,8.88248062
Burundi,BDI,2010,57.088,0.045,216.7277053,24.45114708
Burundi,BDI,2011,57.804,0.037,230.0697614,23.16802216
Burundi,BDI,2012,58.501,0.049,231.0987878,20.01195908
Burundi,BDI,2013,59.179,0.053,234.8447702,20.26322556
Burundi,BDI,2014,59.764,0.056,250.5444922,18.06601143
Burundi,BDI,2015,60.107,0.046,254.4025852,17.67629051
Burundi,BDI,2017,61.345,0.094,246.0607257,19.16676521
Burundi,BDI,2018,61.806,0.094,245.6616783,18.67819214
Burundi,BDI,2020,62.569,0.069,255.8324539,26.21934319
Burundi,BDI,2021,62.101,0.076,264.9803793,23.11420059
Burundi,BDI,2022,62.882,0.078,302.9925053,25.52155113
Belgium,BEL,2000,77.7219512195122,2.829,23098.88651,1849.91601563
Belgium,BEL,2001,77.9731707317073,2.849,23015.07126,1879.93457031
Belgium,BEL,2002,78.0756097560976,2.859,25006.1914,2084.7199707
Belgium,BEL,2003,78.1292682926829,2.857,30655.20927,2822.50341797
Belgium,BEL,2004,78.8780487804878,2.868,35429.40779,3322.28857422
Belgium,BEL,2005,78.9804878048781,2.871,36809.70134,3415.64599609
Belgium,BEL,2006,79.380487804878,2.886,38705.1068,3547.06835938
Belgium,BEL,2007,79.7829268292683,2.905,44319.16545,4066.2121582
Belgium,BEL,2008,79.6804878048781,2.921,48303.39796,4656.04150391
Belgium,BEL,2009,80.0341463414634,2.92,44923.34001,4755.80859375
Belgium,BEL,2010,80.1829268292683,2.909,44197.39367,4626.02685547
Belgium,BEL,2011,80.5853658536585,2.915,47760.82988,4990.35595703
Belgium,BEL,2012,80.3853658536585,2.933,44874.17092,4763.93505859
Belgium,BEL,2013,80.5878048780488,3.131,46964.59468,5005.64990234
Belgium,BEL,2014,81.2878048780488,3.16,47995.7787,5110.17333984
Belgium,BEL,2015,80.9926829268293,3.221,40893.80454,4465.45556641
Belgium,BEL,2016,81.4390243902439,3.28,41854.54983,4569.640625
Belgium,BEL,2017,81.4926829268293,3.292,44035.32394,4827.59326172
Belgium,BEL,2018,81.5951219512195,3.355,47487.21004,5233.68261719
Belgium,BEL,2019,81.9951219512195,3.424,46716.62275,5087.45654297
Belgium,BEL,2020,80.6951219512195,3.506,45906.28758,5269.40625
Belgium,BEL,2021,81.790243902439,3.537,51658.23829,5847.17333984
Belgium,BEL,2022,81.7487804878049,3.574,50605.74967,5487.59277344
Benin,BEN,2004,57.346,0.038,758.6958038,24.52665329
Benin,BEN,2008,58.099,0.059,1060.602545,28.12486076
Benin,BEN,2010,58.387,0.052,973.2442549,29.37720871
Benin,BEN,2011,58.462,0.054,1059.413589,31.76816368
Benin,BEN,2016,59.283,0.045,1010.533896,36.58565903
Benin,BEN,2018,59.71,0.073,1151.74097,39.54786301
Benin,BEN,2019,59.888,0.06,1130.821353,33.9457283
Benin,BEN,2021,59.61,0.205,1318.651581,38.45053101
Benin,BEN,2022,60.475,0.19,1266.42711,37.76291275
Burkina Faso,BFA,2001,51.188,0.04,259.4852234,10.27519512
Burkina Faso,BFA,2004,52.6,0.052,403.8128374,21.12279129
Burkina Faso,BFA,2008,55.199,0.031,619.4375333,30.76880074
Burkina Faso,BFA,2009,55.791,0.043,601.5695207,31.26260567
Burkina Faso,BFA,2010,56.343,0.044,624.9572522,33.05819321
Burkina Faso,BFA,2011,57.001,0.037,725.0247677,33.70409393
Burkina Faso,BFA,2012,57.457,0.046,731.4701389,33.66717529
Burkina Faso,BFA,2013,57.903,0.045,759.7620652,42.26796341
Burkina Faso,BFA,2014,58.331,0.047,764.8616751,38.24516678
Burkina Faso,BFA,2015,58.778,0.063,630.1247508,32.3375206
Burkina Faso,BFA,2016,59.173,0.062,663.7423648,39.50990677
Burkina Faso,BFA,2017,59.578,0.082,709.0915359,43.37775803
Burkina Faso,BFA,2018,59.972,0.082,777.4656185,38.48573303
Burkina Faso,BFA,2019,60.184,0.091,764.8530778,41.06895828
Burkina Faso,BFA,2020,60.454,0.096,825.2370388,57.17589188
Burkina Faso,BFA,2021,60.046,0.101,895.5352884,63.59171295
Burkina Faso,BFA,2022,60.7,0.148,827.3308435,64.38339996
Bangladesh,BGD,2001,62.836,0.238,394.65641,8.10025787
Bangladesh,BGD,2003,64.288,0.26,426.7488075,9.98434258
Bangladesh,BGD,2004,64.912,0.269,455.6140169,10.78997898
Bangladesh,BGD,2005,65.509,0.296,480.0858508,11.31403732
Bangladesh,BGD,2006,66.048,0.305,490.3880265,12.05988026
Bangladesh,BGD,2007,66.458,0.317,537.9554928,14.03898716
Bangladesh,BGD,2008,67.047,0.33,613.062041,15.5619669
Bangladesh,BGD,2009,67.527,0.343,679.2114774,17.7030201
Bangladesh,BGD,2010,68.009,0.352,757.3852804,20.62105751
Bangladesh,BGD,2011,68.499,0.373,837.3369447,22.77348328
Bangladesh,BGD,2012,68.989,0.39,859.6805364,23.43771553
Bangladesh,BGD,2013,69.487,0.412,958.2629898,26.96918297
Bangladesh,BGD,2014,70.016,0.478,1094.461997,29.91152382
Bangladesh,BGD,2015,70.543,0.476,1224.386477,33.20998764
Bangladesh,BGD,2016,71.075,0.489,1649.283809,39.30647659
Bangladesh,BGD,2017,71.606,0.535,1811.082217,42.17510986
Bangladesh,BGD,2018,72.122,0.573,1965.243727,44.78892899
Bangladesh,BGD,2019,72.625,0.63,2129.79897,45.07677078
Bangladesh,BGD,2020,71.421,0.661,2248.850788,49.0274353
Bangladesh,BGD,2021,71.103,0.677,2482.849178,56.09640121
Bangladesh,BGD,2022,74.265,0.717,2716.485928,56.62142181
Bulgaria,BGR,2000,71.6634146341463,3.441,1621.262107,94.51976013
Bulgaria,BGR,2001,71.7682926829268,3.429,1770.907049,119.82997894
Bulgaria,BGR,2002,71.8658536585366,3.522,2092.982886,148.1479187
Bulgaria,BGR,2003,72.0658536585366,3.604,2719.494369,195.74369812
Bulgaria,BGR,2004,72.5634146341463,3.537,3389.687434,233.11332703
Bulgaria,BGR,2005,72.5609756097561,3.661,3899.825963,267.74139404
Bulgaria,BGR,2006,72.6121951219512,3.676,4523.146558,294.10891724
Bulgaria,BGR,2007,72.6634146341463,3.675,5888.570814,361.23498535
Bulgaria,BGR,2008,72.9634146341463,3.643,7271.303389,455.54058838
Bulgaria,BGR,2009,73.4121951219512,3.733,6988.273163,459.30020142
Bulgaria,BGR,2010,73.5121951219512,3.747,6853.948055,484.75228882
Bulgaria,BGR,2011,74.1634146341463,3.838,7849.580613,555.86419678
Bulgaria,BGR,2012,74.3146341463415,3.868,7431.957895,558.64794922
Bulgaria,BGR,2013,74.8609756097561,3.953,7795.980921,553.68725586
Bulgaria,BGR,2014,74.4658536585366,3.978,8069.600057,616.16296387
Bulgaria,BGR,2015,74.6146341463415,4.041,7268.654455,534.21466064
Bulgaria,BGR,2016,74.8121951219512,4.107,7822.499233,579.76715088
Bulgaria,BGR,2017,74.8146341463415,4.184,8696.689304,647.56402588
Bulgaria,BGR,2018,74.9634146341464,4.217,9849.383972,719.78033447
Bulgaria,BGR,2019,75.1121951219512,4.236,10353.72046,733.06878662
Bulgaria,BGR,2020,73.3560975609756,4.277,10760.21198,906.54833984
Bulgaria,BGR,2021,71.2121951219512,4.296,12966.14575,1109.10290527
Bulgaria,BGR,2022,74.1609756097561,4.328,13999.19495,1066.69189453
Bahrain,BHR,2000,74.673,1.013,14214.48368,451.50253296
Bahrain,BHR,2001,74.942,1.06,13573.23399,457.59741211
Bahrain,BHR,2002,75.209,1.053,13501.47088,469.15478516
Bahrain,BHR,2003,75.486,1.006,14486.0269,530.5446167
Bahrain,BHR,2004,75.787,0.922,15963.94932,527.82989502
Bahrain,BHR,2005,76.125,0.995,17966.16578,557.9574585
Bahrain,BHR,2006,76.51,0.977,19267.28262,578.29705811
Bahrain,BHR,2007,76.952,0.995,20908.40425,677.16290283
Bahrain,BHR,2008,77.457,0.984,23299.49928,734.99511719
Bahrain,BHR,2009,78.016,0.971,19465.31407,838.52880859
Bahrain,BHR,2010,78.593,0.971,21819.32911,866.67224121
Bahrain,BHR,2011,79.141,1.001,25032.78677,921.72064209
Bahrain,BHR,2012,79.622,1.023,26438.67332,1038.1661377
Bahrain,BHR,2013,79.998,0.998,26989.76011,1115.16906738
Bahrain,BHR,2014,80.214,0.974,26451.79656,1122.16040039
Bahrain,BHR,2015,80.338,0.927,23734.05511,1128.24291992
Bahrain,BHR,2016,80.407,0.83,23800.00144,1095.92541504
Bahrain,BHR,2017,80.407,0.76,24784.76935,1080.08898926
Bahrain,BHR,2018,80.412,0.729,26324.40665,1041.8560791
Bahrain,BHR,2019,80.471,0.687,27259.74386,1030.26379395
Bahrain,BHR,2020,78.683,0.741,24342.84446,1101.14025879
"Bahamas, The",BHS,2008,73.445,2.645,29392.38244,1429.23681641
"Bahamas, The",BHS,2011,73.571,2.233,27090.83768,1442.24768066
"Bahamas, The",BHS,2017,74.031,1.895,31875.48817,2069.44555664
Bosnia and Herzegovina,BIH,2000,75.292,1.312,1338.480596,106.5786972
Bosnia and Herzegovina,BIH,2001,75.573,1.303,1387.893629,105.10999298
Bosnia and Herzegovina,BIH,2002,75.994,1.3,1606.546745,118.87058258
Bosnia and Herzegovina,BIH,2003,76.449,1.33,2033.947009,168.42216492
Bosnia and Herzegovina,BIH,2004,76.489,1.372,2452.686092,222.27758789
Bosnia and Herzegovina,BIH,2005,76.424,1.409,2739.610769,241.64047241
Bosnia and Herzegovina,BIH,2006,76.028,1.46,3166.128653,281.26403809
Bosnia and Herzegovina,BIH,2007,76.162,1.54,3931.489487,363.86224365
Bosnia and Herzegovina,BIH,2008,76.3,1.59,4841.693119,459.29174805
Bosnia and Herzegovina,BIH,2009,76.701,1.674,4539.918638,409.29098511
Bosnia and Herzegovina,BIH,2010,76.827,1.749,4506.478285,406.13046265
Bosnia and Herzegovina,BIH,2011,76.963,1.839,4982.693758,456.96905518
Bosnia and Herzegovina,BIH,2012,77.037,1.914,4693.788991,444.93655396
Bosnia and Herzegovina,BIH,2013,77.129,1.997,5034.566348,475.07409668
Bosnia and Herzegovina,BIH,2014,77.089,2.083,5206.065735,493.07333374
Bosnia and Herzegovina,BIH,2015,77.073,2.107,4662.258692,430.83413696
Bosnia and Herzegovina,BIH,2016,77.124,2.146,4928.56659,450.44155884
Bosnia and Herzegovina,BIH,2017,77.385,2.163,5345.019788,471.32647705
Bosnia and Herzegovina,BIH,2018,77.942,2.457,6047.847072,529.85546875
Bosnia and Herzegovina,BIH,2019,77.394,2.584,6122.375414,546.4508667
Belarus,BLR,2000,68.9121951219512,3.268,1276.288034,57.02944183
Belarus,BLR,2001,68.5073170731707,3.252,1244.373185,73.3659668
Belarus,BLR,2002,68.0560975609756,3.275,1479.380663,85.97066498
Belarus,BLR,2003,68.5536585365854,3.303,1819.526531,108.51013947
Belarus,BLR,2004,68.9560975609756,3.299,2378.337005,140.99655151
Belarus,BLR,2005,68.8512195121951,3.326,3126.071767,196.13806152
Belarus,BLR,2006,69.4048780487805,3.393,3848.223503,221.70170593
Belarus,BLR,2007,70.2073170731707,3.55,4735.481076,278.63424683
Belarus,BLR,2008,70.4560975609756,3.578,6376.175692,348.92633057
Belarus,BLR,2009,70.4073170731707,3.713,5352.488092,288.44775391
Belarus,BLR,2010,70.4048780487805,3.511,6034.678852,341.13800049
Belarus,BLR,2011,70.5536585365854,3.794,6527.659343,317.82492065
Belarus,BLR,2012,71.9658536585366,3.885,6953.215917,364.09957886
Belarus,BLR,2013,72.4707317073171,3.939,7998.080205,454.51959229
Belarus,BLR,2014,72.9707317073171,4.082,8341.318093,448.27426147
Belarus,BLR,2015,73.6243902439025,4.255,5967.055951,360.91937256
Belarus,BLR,2016,73.8268292682927,4.372,5039.775609,296.94720459
Belarus,BLR,2017,74.1292682926829,4.427,5785.544919,331.94082642
Belarus,BLR,2018,74.1756097560976,4.486,6360.037502,349.99176025
Belarus,BLR,2019,74.2268292682927,4.546,6837.773396,400.11621094
Belarus,BLR,2020,72.1385609756098,4.605,6542.8558,420.43655396
Belarus,BLR,2021,72.0714634146342,4.686,7489.718947,484.03930664
Belarus,BLR,2022,74.1033658536585,4.669,7994.648061,529.01873779
Belize,BLZ,2000,68.911,1.042,4726.506755,139.00151062
Belize,BLZ,2009,70.806,0.771,5399.671,243.3110199
Belize,BLZ,2012,71.134,1.157,5732.665199,247.97563171
Belize,BLZ,2017,72.062,1.131,6071.854518,280.71743774
Belize,BLZ,2018,72.322,1.086,6011.990369,286.83633423
Bolivia,BOL,2001,62.538,1.18,930.1682272,44.88241577
Bolivia,BOL,2007,64.939,0.327,1354.549059,63.62155914
Bolivia,BOL,2010,66.003,0.433,1929.783731,100.39356232
Bolivia,BOL,2011,66.282,0.461,2315.521219,119.78379059
Bolivia,BOL,2016,67.392,1.569,3035.873477,207.4511261
Bolivia,BOL,2017,67.536,1.016,4048.401197,214.58572388
Bolivia,BOL,2019,67.82,1.088,4203.154929,241.34619141
Bolivia,BOL,2020,62.906,0.961,3580.967618,248.69514465
Bolivia,BOL,2021,61.427,1.284,4010.760537,276.20880127
Brazil,BRA,2011,74.047,1.87,13396.62632,1043.3548584
Brazil,BRA,2013,74.609,1.906,12458.89034,993.79608154
Brazil,BRA,2017,75.383,2.198,10080.50787,954.75012207
Brazil,BRA,2019,75.809,2.351,9029.833044,868.17248535
Brazil,BRA,2021,73.038,2.191,7972.536961,768.27075195
Barbados,BRB,2000,74.58,1.393,11674.67365,622.47875977
Barbados,BRB,2001,74.707,1.601,11639.51605,643.1159668
Barbados,BRB,2005,74.96,1.82,14214.42022,963.07849121
Barbados,BRB,2017,76.237,2.541,20284.57621,1182.00366211
Barbados,BRB,2020,76.647,2.616,19194.49197,1234.30041504
Barbados,BRB,2021,76.58,2.871,21079.61453,1391.49853516
Barbados,BRB,2022,75.676,2.958,24387.03873,1302.0592041
Brunei Darussalam,BRN,2000,74.017,1.029,20130.25723,519.05047607
Brunei Darussalam,BRN,2002,74.365,1.176,18621.29226,482.52624512
Brunei Darussalam,BRN,2004,74.603,1.312,24423.0947,630.73266602
Brunei Darussalam,BRN,2005,74.683,1.087,29386.27038,657.31945801
Brunei Darussalam,BRN,2006,74.753,1.094,34674.79952,664.74499512
Brunei Darussalam,BRN,2007,74.793,1.06,36217.32907,710.42297363
Brunei Darussalam,BRN,2008,74.814,1.493,42156.56858,792.01367188
Brunei Darussalam,BRN,2009,74.814,1.156,30946.46738,739.28015137
Brunei Darussalam,BRN,2010,74.82,1.435,34937.55554,795.97766113
Brunei Darussalam,BRN,2011,74.835,1.522,46382.82743,864.63787842
Brunei Darussalam,BRN,2012,74.843,1.469,46968.59712,869.36553955
Brunei Darussalam,BRN,2013,74.854,1.595,44003.06443,835.32452393
Brunei Darussalam,BRN,2014,74.862,1.485,41026.50842,785.41210938
Brunei Darussalam,BRN,2015,74.88,1.75,30625.12877,731.04980469
Brunei Darussalam,BRN,2017,74.943,1.578,28024.38246,636.22973633
Brunei Darussalam,BRN,2018,74.992,1.763,30988.11903,748.69073486
Brunei Darussalam,BRN,2021,74.869,1.886,31006.96363,665.87030029
Bhutan,BTN,2004,65.29,0.181,1130.359346,46.06135941
Bhutan,BTN,2007,67.152,0.212,1850.415704,64.72015381
Bhutan,BTN,2008,67.733,0.249,1919.597749,57.59343338
Bhutan,BTN,2012,69.759,0.271,2751.212886,84.0940094
Bhutan,BTN,2013,70.161,0.28,2679.952172,86.41462708
Bhutan,BTN,2014,70.504,0.333,2849.499986,87.19132233
Bhutan,BTN,2015,70.797,0.339,2954.040819,96.86671448
Bhutan,BTN,2016,71.119,0.4,3152.309051,97.42939758
Bhutan,BTN,2017,71.413,0.31,3435.288047,103.63583374
Bhutan,BTN,2018,71.711,0.421,3400.204172,102.01222992
Bhutan,BTN,2019,72.005,0.336,3576.879871,115.71811676
Bhutan,BTN,2020,72.253,0.486,3191.66907,134.13723755
Bhutan,BTN,2021,72.448,0.561,3570.61258,161.46617126
Bhutan,BTN,2022,72.754,0.553,3711.32768,138.00679016
Botswana,BWA,2000,52.263,0.298,3450.811806,206.93144226
Botswana,BWA,2001,52.21,0.298,3206.071237,203.01203918
Botswana,BWA,2002,52.373,0.307,3117.250872,206.11392212
Botswana,BWA,2003,52.851,0.296,4230.123269,269.58544922
Botswana,BWA,2004,53.573,0.396,4956.692877,297.2512207
Botswana,BWA,2005,54.386,0.253,5391.070766,281.38796997
Botswana,BWA,2006,55.112,0.315,5291.583791,258.01873779
Botswana,BWA,2007,56.735,0.371,5529.125746,305.22042847
Botswana,BWA,2008,57.661,0.367,5503.073953,324.54284668
Botswana,BWA,2009,58.297,0.348,5082.933883,336.53146362
Botswana,BWA,2010,59.137,0.403,6215.732161,389.55178833
Botswana,BWA,2011,59.715,0.395,7287.382953,427.70709229
Botswana,BWA,2012,60.384,0.388,6595.53845,418.82244873
Botswana,BWA,2016,64.32,0.371,6749.059943,389.3107605
Botswana,BWA,2018,66.371,0.402,7407.959401,447.4473877
Botswana,BWA,2019,67.167,0.395,7172.089565,438.28546143
Botswana,BWA,2020,67.643,0.433,6323.297497,386.28860474
Botswana,BWA,2021,63.303,0.422,7807.887946,492.14276123
Botswana,BWA,2022,68.749,0.407,8328.709057,477.77633667
Central African Republic,CAF,2004,47.696,0.079,303.4613212,12.96809387
Central African Republic,CAF,2008,49.873,0.0405,437.2482747,18.02888489
Central African Republic,CAF,2009,14.665,0.045,456.4716739,21.37773895
Central African Republic,CAF,2015,51.934,0.07,366.3228539,18.44194221
Central African Republic,CAF,2018,52.297,0.069,455.2439629,51.3541069
Central African Republic,CAF,2021,40.279,0.022,492.2631428,46.25038147
Central African Republic,CAF,2022,18.818,0.029,467.359825,47.91523361
Canada,CAN,2001,79.3980487804878,1.8871,23822.09621,2041.87512207
Canada,CAN,2002,79.5307317073171,1.8969,24256.01923,2134.84960938
Canada,CAN,2004,79.9921951219512,1.8971,32145.54126,2896.19335938
Canada,CAN,2006,80.5436585365854,1.9086,40504.0371,3758.35961914
Canada,CAN,2008,80.7246341463415,1.959,46710.25269,4454.11621094
Canada,CAN,2010,81.3221951219512,2.0384,47560.6666,5060.88818359
Canada,CAN,2012,81.6636585365854,2.3962,52670.34473,5518.5703125
Canada,CAN,2013,81.7448780487805,2.4509,52638.11872,5460.03173828
Canada,CAN,2014,81.7843902439025,2.4961,50960.84312,5209.93164063
Canada,CAN,2015,81.8258536585366,2.5388,43594.1941,4658.83789063
Canada,CAN,2016,81.94,2.3105,42314.06158,4647.14892578
Canada,CAN,2017,81.8078048780488,2.6102,45129.62812,4894.7734375
Canada,CAN,2018,81.8036585365854,2.411,46539.17616,5052.90185547
Canada,CAN,2019,82.1585365853659,2.418,46352.86934,5098.88720703
Canada,CAN,2020,81.53,2.415,43537.8393,5646.19433594
Canada,CAN,2021,81.4514634146342,2.444,52886.66164,6511.46972656
Canada,CAN,2022,81.0948780487805,2.814,56256.80073,6252.34033203
Central Europe and the Baltics,CEB,2000,72.719724722779,2.57009282393716,3959.624949,221.752169441734
Central Europe and the Baltics,CEB,2010,75.2939657786314,2.7389623986153,12635.75412,869.171916475988
Central Europe and the Baltics,CEB,2022,76.6522987292583,3.90795171540262,19530.15532,1374.1600690946
Switzerland,CHE,2000,79.6804878048781,3.51,38865.02194,3550.12597656
Switzerland,CHE,2001,80.1804878048781,3.514,39638.79111,3751.75244141
Switzerland,CHE,2002,80.3853658536585,3.561,42458.73847,4198.36376953
Switzerland,CHE,2003,80.5365853658537,3.658,49335.74563,5005.11816406
Switzerland,CHE,2004,81.0878048780488,3.696,54659.45715,5593.4765625
Switzerland,CHE,2005,81.2365853658537,3.74,56242.89336,5661.17431641
Switzerland,CHE,2006,81.490243902439,3.79,59011.03246,5657.28222656
Switzerland,CHE,2007,81.7414634146342,3.788,64989.15533,6124.81445313
Switzerland,CHE,2008,81.9926829268293,3.82,74175.19279,7075.70751953
Switzerland,CHE,2009,82.0439024390244,3.836,71568.31239,7263.62695313
Switzerland,CHE,2010,82.2463414634147,3.808,76531.37294,7645.25732422
Switzerland,CHE,2011,82.6951219512195,3.832,90476.75897,9139.43066406
Switzerland,CHE,2012,82.6975609756098,3.915,85836.20768,8868.98144531
Switzerland,CHE,2013,82.7975609756098,4.039,87304.33058,9247.28417969
Switzerland,CHE,2014,83.1975609756098,4.125,88724.99094,9469.6640625
Switzerland,CHE,2015,82.8975609756098,4.196,83806.4476,9200.10058594
Switzerland,CHE,2016,83.6024390243903,4.25,82153.07454,9201.47460938
Switzerland,CHE,2017,83.5512195121951,4.297,82254.37693,9354.22070313
Switzerland,CHE,2018,83.7536585365854,4.338,85217.36915,9541.07421875
Switzerland,CHE,2019,83.9048780487805,4.349,84121.93103,9609.80273438
Switzerland,CHE,2020,83,4.388,85897.78433,10294.578125
Switzerland,CHE,2021,83.7512195121951,4.435,93664.77367,11197.76464844
Switzerland,CHE,2022,83.6048780487805,4.477,94394.51068,10930.13964844
Chile,CHL,2002,77.84,0.882,4430.847412,319.53222656
Chile,CHL,2003,77.884,0.936,4773.401775,346.1635437
Chile,CHL,2004,78.276,0.974,6120.591521,422.96481323
Chile,CHL,2005,78.459,0.97,7480.32331,495.56002808
Chile,CHL,2006,78.533,1.031,9318.656553,565.8493042
Chile,CHL,2007,78.652,1.028,10346.41382,643.05963135
Chile,CHL,2008,78.752,1.031,10683.21888,719.07501221
Chile,CHL,2009,78.89,1.022,10098.80172,730.63336182
Chile,CHL,2010,79.095,1.423,12632.87047,861.72436523
Chile,CHL,2011,79.236,1.575,14487.39278,984.4486084
Chile,CHL,2012,79.221,1.735,15241.907,1070.51293945
Chile,CHL,2013,79.551,1.868,15683.54864,1171.77038574
Chile,CHL,2014,79.714,2.016,14529.67672,1138.66113281
Chile,CHL,2015,80.008,2.138,13433.9203,1122.13378906
Chile,CHL,2016,80.295,2.286,13649.85205,1167.89306641
Chile,CHL,2017,80.61,2.43,14879.90862,1353.69274902
Chile,CHL,2018,80.559,2.569,15659.48087,1430.70263672
Chile,CHL,2019,80.324,2.627,14495.71672,1348.99401855
Chile,CHL,2020,79.349,2.798,13114.81547,1270.97814941
Chile,CHL,2021,78.876,2.979,16206.83255,1576.69287109
Chile,CHL,2022,79.176,3.178,15405.61658,1541.37927246
China,CHN,2000,72.288,1.263,969.1995137,42.80797577
China,CHN,2001,72.675,1.28,1065.405976,44.36042023
China,CHN,2002,73.034,1.137,1163.559577,49.92394638
China,CHN,2003,73.385,1.185,1306.972454,56.54468155
China,CHN,2004,73.727,1.215,1530.927262,64.28150177
China,CHN,2005,74.085,1.239,1777.644968,73.00266266
China,CHN,2006,74.404,1.273,2129.25697,82.48256683
China,CHN,2007,74.789,1.294,2734.727099,98.5569458
China,CHN,2008,74.833,1.343,3523.443021,133.83999634
China,CHN,2009,75.317,1.419,3898.244592,164.87619019
China,CHN,2010,75.668,1.46,4629.245517,188.87156677
China,CHN,2011,75.889,1.485,5703.76028,239.19824219
China,CHN,2012,76.2,1.562,6405.057424,284.69760132
China,CHN,2013,76.452,1.658,7147.035186,329.08572388
China,CHN,2014,76.714,1.711,7781.065975,362.28695679
China,CHN,2015,76.975,1.797,8175.332851,393.09768677
China,CHN,2016,77.214,1.888,8254.868593,398.17489624
China,CHN,2017,77.235,2.003,8979.676527,439.94006348
China,CHN,2018,77.709,2.122,10085.66381,504.10980225
China,CHN,2019,77.94,2.255,10342.90095,538.99157715
China,CHN,2020,78.019,2.385,10627.4638,582.95092773
China,CHN,2021,78.117,2.517,12887.43572,670.25897217
China,CHN,2022,78.202,3.112,12970.60564,755.43597412
Cote d'Ivoire,CIV,2004,51.939,0.106,1199.825245,47.04700851
Cote d'Ivoire,CIV,2005,52.432,0.085,1197.74617,46.69436264
Cote d'Ivoire,CIV,2008,54.179,0.128,1583.970667,64.67678833
Cote d'Ivoire,CIV,2011,55.972,0.14,1596.628266,67.97618103
Cote d'Ivoire,CIV,2014,57.772,0.214,1991.365394,74.3581543
Cote d'Ivoire,CIV,2018,59.795,0.351,2130.866194,65.87952423
Cote d'Ivoire,CIV,2019,60.274,0.149,2141.768362,68.30471039
Cote d'Ivoire,CIV,2020,60.14,0.153,2179.729348,78.97766876
Cote d'Ivoire,CIV,2021,60.29,0.167,2455.981276,92.39588928
Cote d'Ivoire,CIV,2022,61.562,0.162,2333.371283,84.89915466
Cameroon,CMR,2004,54.578,0.188,1133.393267,42.25278473
Cameroon,CMR,2005,54.904,0.061,1142.624663,43.10830688
Cameroon,CMR,2007,55.71,0.073,1325.672482,50.30911255
Cameroon,CMR,2009,56.486,0.07,1461.389992,51.14823914
Cameroon,CMR,2010,56.965,0.087,1398.58702,50.03335571
Cameroon,CMR,2011,57.482,0.091,1513.96057,58.33031845
Cameroon,CMR,2018,61.189,0.131,1610.696416,58.32909393
Cameroon,CMR,2020,61.674,0.098,1555.603707,66.17185211
Cameroon,CMR,2021,61.146,0.126,1672.326573,72.59731293
Cameroon,CMR,2022,62.443,0.136,1604.87727,72.12950897
"Congo, Dem. Rep.",COD,2004,53.534,0.107,180.664765,7.83304834
"Congo, Dem. Rep.",COD,2009,55.798,0.088,280.178991,12.75762081
"Congo, Dem. Rep.",COD,2013,57.795,0.085,460.3703349,15.37901688
"Congo, Dem. Rep.",COD,2019,60.242,0.162,504.0041914,19.20812035
"Congo, Dem. Rep.",COD,2021,60.044,0.171,595.7430744,21.58848572
"Congo, Dem. Rep.",COD,2022,60.979,0.208,687.7385876,24.3800106
"Congo, Rep.",COG,2004,57.957,0.212,1306.101363,27.50056839
"Congo, Rep.",COG,2006,59.474,0.204,2103.582138,35.94208145
"Congo, Rep.",COG,2007,60.05,0.101,2206.471019,41.96711731
"Congo, Rep.",COG,2010,61.731,0.111,2946.557981,54.56225586
"Congo, Rep.",COG,2011,62.286,0.114,3396.165058,59.51348114
"Congo, Rep.",COG,2016,63.911,0.102,2093.107286,54.3000145
"Congo, Rep.",COG,2018,64.472,0.099,2694.434132,47.310215
"Congo, Rep.",COG,2022,65,0.173,2620.838043,53.11892319
Colombia,COL,2000,70.905,1.264,2555.00751,134.71453857
Colombia,COL,2001,71.185,1.29,2472.99084,138.47569275
Colombia,COL,2002,71.537,1.321,2428.929698,132.18363953
Colombia,COL,2003,72.309,1.352,2311.942188,129.71965027
Colombia,COL,2004,72.76,1.391,2818.571954,159.61109924
Colombia,COL,2005,73.156,1.432,3456.066109,209.68319702
Colombia,COL,2006,73.497,1.469,3789.853612,240.10488892
Colombia,COL,2007,73.751,1.511,4769.926147,309.61691284
Colombia,COL,2008,74.206,1.563,5541.836297,379.16812134
Colombia,COL,2009,74.531,1.617,5250.972924,383.91674805
Colombia,COL,2010,74.876,1.666,6398.295845,452.44281006
Colombia,COL,2011,75.18,1.754,7400.99407,501.84420776
Colombia,COL,2012,75.611,1.814,8108.598382,547.00732422
Colombia,COL,2013,75.834,1.884,8279.102556,580.96453857
Colombia,COL,2014,75.95,1.96,8187.208249,588.29449463
Colombia,COL,2015,76.067,2.022,6248.514905,470.099823
Colombia,COL,2016,76.228,2.088,5959.842504,448.84588623
Colombia,COL,2017,76.418,2.163,6479.532313,497.54016113
Colombia,COL,2018,76.579,2.242,6816.968183,526.11828613
Colombia,COL,2019,76.793,2.317,6472.545449,507.06231689
Colombia,COL,2020,74.757,2.394,5339.687114,464.41998291
Colombia,COL,2021,72.698,2.467,6222.621644,568.84130859
Comoros,COM,2004,60.557,0.198,1072.28409,70.61806488
Comoros,COM,2005,60.883,0.196,1105.787969,67.80059814
Comoros,COM,2009,62.302,0.199,1410.30517,69.4848938
Comoros,COM,2012,63.463,0.181,1490.315114,77.10220337
Comoros,COM,2016,64.792,0.291,1365.484034,63.53099442
Comoros,COM,2018,65.401,0.285,1527.405271,74.89152527
Comoros,COM,2020,65.756,0.441,1519.346656,89.67817688
Comoros,COM,2022,66.481,0.424,1465.479643,124.14363861
Cabo Verde,CPV,2004,70.499,0.493,1929.490815,93.43228912
Cabo Verde,CPV,2009,72.142,0.136,3659.720464,130.23704529
Cabo Verde,CPV,2010,72.507,0.573,3579.460061,146.07247925
Cabo Verde,CPV,2011,72.913,0.571,4002.013869,157.08999634
Cabo Verde,CPV,2012,73.315,0.508,3736.81517,174.66062927
Cabo Verde,CPV,2013,73.481,0.601,3960.975968,191.1048584
Cabo Verde,CPV,2014,73.788,0.461,3985.607065,193.39482117
Cabo Verde,CPV,2015,74.096,0.743,3415.062667,150.28823853
Cabo Verde,CPV,2016,74.35,0.731,3608.966052,157.39906311
Cabo Verde,CPV,2017,74.71,0.659,3893.095714,174.43547058
Cabo Verde,CPV,2018,74.84,0.711,4294.9651,205.5345459
Cabo Verde,CPV,2019,75.449,0.743,4380.781173,211.24963379
Cabo Verde,CPV,2020,73.818,0.725,3539.226612,249.71989441
Cabo Verde,CPV,2021,74.424,0.732,3971.444092,262.42272949
Cabo Verde,CPV,2022,75.907,0.718,4323.31362,297.08233643
Costa Rica,CRI,2000,77.317,1.322,3812.753883,250.30950928
Costa Rica,CRI,2006,79.049,2.053,5256.596409,364.52426147
Costa Rica,CRI,2007,79.098,2.102,6137.711999,429.41894531
Costa Rica,CRI,2008,79.18,2.169,6937.2426160000005,518.1114502
Costa Rica,CRI,2009,79.372,2.228,6832.698299,537.06317139
Costa Rica,CRI,2010,79.354,2.317,8265.788203,663.69165039
Costa Rica,CRI,2011,79.624,2.384,9276.391075,753.42633057
Costa Rica,CRI,2012,79.925,2.471,10126.999100000001,788.53100586
Costa Rica,CRI,2013,80.189,2.556,10803.2402,829.93658447
Costa Rica,CRI,2014,80.231,2.659,10911.49788,836.23120117
Costa Rica,CRI,2015,80.407,1.806,11714.7106,889.3762207
Costa Rica,CRI,2016,79.988,1.955,12091.03016,884.73028564
Costa Rica,CRI,2017,79.994,2.101,12317.09028,867.76733398
Costa Rica,CRI,2018,80.09,2.253,12590.24938,917.31018066
Costa Rica,CRI,2019,80.296,2.376,12884.686,930.43511963
Costa Rica,CRI,2020,79.725,2.494,12394.0494,969.89099121
Costa Rica,CRI,2021,78.05,2.564,12838.11854,977.14831543
Costa Rica,CRI,2022,79.316,2.687,13625.90085,978.84155273
Caribbean small states,CSS,2000,68.3976758324657,0.816590875553463,6477.264821,290.570618755862
Caribbean small states,CSS,2010,71.0114366987074,1.26490310561646,12711.08749,627.807859298106
Caribbean small states,CSS,2022,72.8322921090607,2.52508013216043,17456.30848,915.955448715908
Cuba,CUB,2000,75.922,5.941,2751.381771,181.09315491
Cuba,CUB,2001,76.429,5.952,2842.967043,198.49874878
Cuba,CUB,2002,76.766,6.001,3005.211042,213.81524658
Cuba,CUB,2003,77.405,6.068,3202.781099,227.49208069
Cuba,CUB,2004,77.326,6.203,3399.219629,232.22746277
Cuba,CUB,2005,77.54,6.268,3786.337992,331.50354004
Cuba,CUB,2006,77.406,6.339,4329.98266,386.8258667
Cuba,CUB,2007,77.55,6.416,4807.43889,569.43585205
Cuba,CUB,2008,77.589,6.602,4986.124365,609.27282715
Cuba,CUB,2009,77.584,6.63,5089.235198,675.53399658
Cuba,CUB,2010,77.876,6.772,5272.267558,608.5847168
Cuba,CUB,2011,78.051,6.957,6104.461052,695.81542969
Cuba,CUB,2012,78.162,7.26,6470.836734,601.74957275
Cuba,CUB,2013,78.028,7.408,6828.364282,712.26629639
Cuba,CUB,2014,77.825,7.582,7146.704591,867.69702148
Cuba,CUB,2015,77.745,7.803,7727.919972,991.08496094
Cuba,CUB,2016,77.571,8.003,8110.558743,990.92346191
Cuba,CUB,2017,77.3,8.187,8610.608296,987.81030273
Cuba,CUB,2018,77.426,8.505,8911.46206,981.90283203
Cuba,CUB,2019,77.413,8.677,9232.261159,1023.39715576
Cuba,CUB,2020,77.407,9.291,9605.279146,1199.35327148
Cyprus,CYP,2000,77.9,1.899,14388.35254,750.51672363
Cyprus,CYP,2001,78.185,1.908,14821.44922,782.16162109
Cyprus,CYP,2002,78.758,1.87,16093.21582,890.48297119
Cyprus,CYP,2003,78.908,1.851,20252.24609,1145.05847168
Cyprus,CYP,2004,79.007,1.898,23792.61914,1286.97155762
Cyprus,CYP,2005,79.198,1.881,24959.26172,1366.01708984
Cyprus,CYP,2006,79.456,1.822,26729.28125,1474.02062988
Cyprus,CYP,2007,79.798,1.974,31244.87891,1694.27185059
Cyprus,CYP,2008,79.906,2.007,35397.29688,2155.24658203
Cyprus,CYP,2009,80.375,2.046,32236.44922,2105.4777832
Cyprus,CYP,2010,80.632,2.127,31105.02734,2045.2923584
Cyprus,CYP,2011,80.855,2.206,32485.79883,2114.66894531
Cyprus,CYP,2012,81.128,2.236,28991.93555,1899.37255859
Cyprus,CYP,2013,81.317,2.326,27764.73047,1923.03869629
Cyprus,CYP,2014,81.337,2.396,26993.10352,1869.46398926
Cyprus,CYP,2015,81.464,2.498,23088.44141,1570.54638672
Cyprus,CYP,2016,81.534,2.594,24280.05664,1619.91918945
Cyprus,CYP,2017,81.543,2.651,26247.44922,1742.67626953
Cyprus,CYP,2018,81.556,2.789,29120.375,1987.69470215
Cyprus,CYP,2019,81.454,2.928,29227.17383,2059.45019531
Cyprus,CYP,2020,81.23,3.197,28130.3418,2443.37207031
Cyprus,CYP,2021,80.573,3.355,32937.83984,2947.81494141
Cyprus,CYP,2022,80.434,3.556,33231.04297,2748.6159668
Czechia,CZE,2000,74.9682926829268,3.38,6062.921528,342.92108154
Czechia,CZE,2001,75.1731707317073,3.442,6669.074948,388.54403687
Czechia,CZE,2002,75.2219512195122,3.491,8101.260186,497.74203491
Czechia,CZE,2003,75.1707317073171,3.509,9852.456779,640.66040039
Czechia,CZE,2004,75.7219512195122,3.499,11782.55467,746.32891846
Czechia,CZE,2005,75.9243902439025,3.539,13442.49163,852.65246582
Czechia,CZE,2006,76.5243902439024,3.551,15259.07882,942.11804199
Czechia,CZE,2007,76.7243902439025,3.561,18452.65328,1110.17663574
Czechia,CZE,2008,76.9756097560976,3.558,22774.70451,1449.33679199
Czechia,CZE,2009,77.0780487804878,3.584,19817.42158,1442.24279785
Czechia,CZE,2010,77.4243902439025,3.599,20160.43551,1509.44726563
Czechia,CZE,2011,77.8731707317073,3.637,22049.10808,1649.15905762
Czechia,CZE,2012,78.0756097560976,3.676,20014.0354,1509.77526855
Czechia,CZE,2013,78.1756097560976,3.689,20260.4955,1508.79907227
Czechia,CZE,2014,78.8243902439024,3.9345,20038.41632,1512.59326172
Czechia,CZE,2015,78.5780487804878,3.9516,17931.59877,1308.8013916
Czechia,CZE,2016,79.0268292682927,4.0194,18753.96867,1374.9005127
Czechia,CZE,2017,78.9780487804878,4.0676,20913.19763,1516.75012207
Czechia,CZE,2018,79.0292682926829,4.069,23705.93298,1750.81188965
Czechia,CZE,2019,79.2292682926829,4.112,24062.719,1805.44030762
Czechia,CZE,2020,78.2268292682927,4.153,23472.89155,2106.28027344
Czechia,CZE,2021,77.2219512195122,4.246,27696.46195,2538.03344727
Czechia,CZE,2022,78.9292682926829,4.352,28282.22367,2431.08496094
Germany,DEU,2000,77.9268292682927,3.263,23925.85599,2336.36230469
Germany,DEU,2001,78.3292682926829,3.31,23878.36415,2338.12231445
Germany,DEU,2002,78.2292682926829,3.338,25486.5942,2557.53564453
Germany,DEU,2003,78.3804878048781,3.369,30711.10225,3139.36328125
Germany,DEU,2004,78.6804878048781,3.392,34566.73591,3447.26977539
Germany,DEU,2005,78.9317073170732,3.413,35084.43635,3544.56616211
Germany,DEU,2006,79.1317073170732,3.465,36980.33499,3681.3659668
Germany,DEU,2007,79.5341463414634,3.528,42350.92172,4162.6875
Germany,DEU,2008,79.7365853658537,3.584,46379.1648,4647.31005859
Germany,DEU,2009,79.8365853658537,3.662,42471.88686,4655.171875
Germany,DEU,2010,79.9878048780488,3.757,42396.9666,4592.07128906
Germany,DEU,2011,80.4365853658537,3.849,47630.97619,5016.23583984
Germany,DEU,2012,80.5390243902439,3.922,44718.01592,4744.87011719
Germany,DEU,2013,80.490243902439,4.015,47206.83535,5080.62402344
Germany,DEU,2014,81.090243902439,4.088,48959.59912,5287.34423828
Germany,DEU,2015,80.6414634146341,4.12,41929.75491,4605.59033203
Germany,DEU,2016,80.990243902439,4.166,42948.93819,4723.32421875
Germany,DEU,2017,80.9926829268293,4.226,45553.93415,5039.35302734
Germany,DEU,2018,80.8926829268293,4.287,48916.16866,5473.55712891
Germany,DEU,2019,81.2926829268293,4.373,47656.19974,5447.31787109
Germany,DEU,2020,81.0414634146342,4.443,47394.87345,5906.80615234
Germany,DEU,2021,80.790243902439,4.503,52349.246,6653.58349609
Germany,DEU,2022,80.6080487804878,4.534,50506.51796,6226.14208984
Djibouti,DJI,2004,58.103,0.156,806.2616529,40.04951477
Djibouti,DJI,2005,58.548,0.167,844.4483574,45.12551498
Djibouti,DJI,2006,58.962,0.216,898.4646281,53.26344299
Djibouti,DJI,2014,62.427,0.201,2214.620841,65.53726196
Djibouti,DJI,2022,65.54,0.211,3133.257798,79.13184357
Dominica,DMA,2001,71.862,1.816,5527.515273,231.52333069
Dominica,DMA,2017,68.62,1.168,8224.648966,415.87072754
Dominica,DMA,2018,71.378,1.158,9215.308541,503.34179688
Denmark,DNK,2000,76.5926829268293,2.913,30722.02518,2491.54174805
Denmark,DNK,2001,76.7926829268293,2.933,30768.47755,2597.97290039
Denmark,DNK,2002,76.8951219512195,3.037,33257.16226,2891.71069336
Denmark,DNK,2003,77.1439024390244,3.081,40519.09749,3602.28295898
Denmark,DNK,2004,77.4926829268293,3.227,46625.0501,4189.47265625
Denmark,DNK,2005,77.8439024390244,3.335,48925.80767,4436.07421875
Denmark,DNK,2006,78.0951219512195,3.424,52119.1788,4770.13720703
Denmark,DNK,2007,78.1951219512195,3.458,58631.65664,5453.83837891
Denmark,DNK,2008,78.4463414634146,3.579,64616.66576,6117.69677734
Denmark,DNK,2009,78.5975609756098,3.651,58412.74724,6208.48486328
Denmark,DNK,2010,79.1,3.726,58104.54456,6156.68554688
Denmark,DNK,2011,79.8,3.789,61809.7379,6426.39990234
Denmark,DNK,2012,80.0512195121951,3.837,58443.77471,6155.76367188
Denmark,DNK,2013,80.3,3.849,61377.59406,6320.08447266
Denmark,DNK,2014,80.7,3.877,62520.45097,6447.92382813
Denmark,DNK,2015,80.7024390243902,3.93,53094.01336,5508.53369141
Denmark,DNK,2016,80.8536585365854,3.999,54500.92604,5603.75830078
Denmark,DNK,2017,81.1024390243903,4.109,57521.5515,5817.42529297
Denmark,DNK,2018,80.9536585365854,4.196,61324.7665,6219.12988281
Denmark,DNK,2019,81.4512195121951,4.251,59404.26632,6049.93408203
Denmark,DNK,2020,81.6024390243903,4.377,60985.48856,6520.65771484
Denmark,DNK,2021,81.4048780487805,4.498,69340.73349,7429.99023438
Dominican Republic,DOM,2000,70.365,1.825,2831.458836,138.29624939
Dominican Republic,DOM,2008,71.331,1.085,5023.585134,229.29747009
Dominican Republic,DOM,2011,72.496,1.507,5826.510141,293.95123291
Dominican Republic,DOM,2018,73.555,1.426,7882.982216,332.47702026
Dominican Republic,DOM,2019,73.112,1.431,8183.016236,357.44137573
Dominican Republic,DOM,2020,72.636,1.948,7135.222733,354.25689697
Dominican Republic,DOM,2021,71.757,2.029,8527.075486,433.89172363
Dominican Republic,DOM,2022,74.211,2.234,10104.24493,469.34915161
Algeria,DZA,2002,71.644,1.114,1937.464114,66.681633
Algeria,DZA,2005,72.836,1.026,3233.133396,100.83694458
Algeria,DZA,2007,73.346,1.195,4167.451699,150.86651611
Algeria,DZA,2016,75.31,1.819,4424.98529,265.53491211
Algeria,DZA,2018,75.555,1.708,4577.210292,271.53808594
Algeria,DZA,2019,75.682,0.973,4468.453419,242.07049561
Algeria,DZA,2022,76.129,1.66,4960.303343,180.33454895
East Asia & Pacific (excluding high income),EAP,2000,70.7357071585237,1.13449440950125,961.3014224,38.3870416172518
East Asia & Pacific (excluding high income),EAP,2010,73.7616390609633,1.17108426112459,4057.865215,160.364281320042
East Asia & Pacific (excluding high income),EAP,2022,75.9325409436903,2.35417104796867,10106.9936,566.030286298373
Early-demographic dividend,EAR,2022,71.4304552508694,1.02202255025474,4043.827763,191.392926293627
Europe & Central Asia (excluding high income),ECA,2000,68.8570531906331,2.38144527163959,1790.770721,87.4739690994496
Europe & Central Asia (excluding high income),ECA,2010,71.9125911481178,2.59469978935536,6019.294911,310.360441881054
Europe & Central Asia (excluding high income),ECA,2022,74.5731684190474,2.8530317107131,7266.022432,366.115150801706
Ecuador,ECU,2000,72.09,0.812,1382.234218,49.37281418
Ecuador,ECU,2001,72.571,0.851,1791.303597,72.7922287
Ecuador,ECU,2002,73.164,0.849,2059.158554,99.12815857
Ecuador,ECU,2003,73.632,0.808,2315.622152,134.12744141
Ecuador,ECU,2004,73.868,0.884,2586.209147,152.10868835
Ecuador,ECU,2005,73.909,0.902,2909.02606,170.44190979
Ecuador,ECU,2006,74.01,0.895,3243.670104,192.55101013
Ecuador,ECU,2007,74.226,0.978,3478.924888,193.33273315
Ecuador,ECU,2008,74.709,1.096,4194.757507,231.62229919
Ecuador,ECU,2009,74.901,1.216,4053.363311,244.5753479
Ecuador,ECU,2010,75.188,1.283,4520.30959,287.00466919
Ecuador,ECU,2011,75.179,1.382,5153.691642,340.40786743
Ecuador,ECU,2012,75.486,1.561,5634.083932,387.54577637
Ecuador,ECU,2013,75.832,1.645,6109.290315,414.12683105
Ecuador,ECU,2014,76.141,1.684,6405.799793,433.41845703
Ecuador,ECU,2015,76.222,1.806,5976.159681,464.22186279
Ecuador,ECU,2016,76.094,2.055,5917.637713,449.03869629
Ecuador,ECU,2017,76.22,2.225,6233.322448,469.04544067
Ecuador,ECU,2018,77.248,2.341,6303.918867,493.82693481
Ecuador,ECU,2019,77.286,2.32,6205.057652,484.54037476
Ecuador,ECU,2020,72.004,2.313,5463.645153,470.20355225
"Egypt, Arab Rep.",EGY,2003,68.045,0.494,1031.275563,50.34780884
"Egypt, Arab Rep.",EGY,2014,69.911,0.73,3133.391023,155.06480408
"Egypt, Arab Rep.",EGY,2015,70.135,0.763,3306.981594,170.25532532
"Egypt, Arab Rep.",EGY,2016,70.437,0.763,3270.628777,142.61845398
"Egypt, Arab Rep.",EGY,2017,70.709,0.743,2395.103333,106.00288391
"Egypt, Arab Rep.",EGY,2018,70.974,0.716,2484.703156,118.01481628
"Egypt, Arab Rep.",EGY,2019,71.213,0.697,2962.98892,142.69670105
"Egypt, Arab Rep.",EGY,2020,69.79,0.671,3511.11381,148.35269165
Euro area,EMU,2000,78.1997793340467,3.22908516263981,20039.40027,1730.79127830952
Euro area,EMU,2010,80.6989426195589,3.67050504242481,37491.61141,3811.85563176834
Euro area,EMU,2022,81.6229719062905,4.18889179561968,41608.71233,4440.78663278001
Eritrea,ERI,2000,56.285,0.045,314.3573968,14.03034782
Eritrea,ERI,2001,58.359,0.041,325.4091615,14.90675831
Eritrea,ERI,2002,58.941,0.055,304.7757565,15.77544498
Eritrea,ERI,2003,59.455,0.042,348.9503271,19.81480217
Eritrea,ERI,2004,60.063,0.055,426.8409479,23.15624809
Eritrea,ERI,2005,60.628,0.046,412.7530792,21.92651939
Eritrea,ERI,2006,61.457,0.05,447.9974047,23.77408791
Eritrea,ERI,2007,61.998,0.045,480.4476237,19.62666321
Eritrea,ERI,2008,62.422,0.045,490.066956,21.55065727
Eritrea,ERI,2009,63.203,0.044,642.9257229,24.35102463
Eritrea,ERI,2010,63.665,0.044,539.6995121,26.00652122
Eritrea,ERI,2011,64.231,0.045,688.6816596,35.55129623
Spain,ESP,2000,78.9658536585366,3.101,14743.2671,1005.28399658
Spain,ESP,2001,79.3682926829268,3.106,15368.2338,1045.05065918
Spain,ESP,2002,79.5682926829268,3.105,17111.06851,1174.5793457
Spain,ESP,2003,79.619512195122,3.2,21522.0171,1648.05712891
Spain,ESP,2004,79.8707317073171,3.419,24925.02678,1932.21398926
Spain,ESP,2005,80.1707317073171,3.521,26450.95301,2074.33081055
Spain,ESP,2006,80.8219512195122,3.601,28421.68653,2256.68066406
Spain,ESP,2007,80.8731707317073,3.538,32652.01559,2625.55664063
Spain,ESP,2008,81.1756097560976,3.523,35603.24833,3019.7578125
Spain,ESP,2009,81.4756097560976,3.577,32279.82085,2962.48266602
Spain,ESP,2010,81.6268292682927,3.737,30658.74223,2816.84350586
Spain,ESP,2011,82.4756097560976,3.814,31824.62191,2938.18041992
Spain,ESP,2012,82.4268292682927,3.804,28456.44382,2620.84204102
Spain,ESP,2013,83.0780487804878,3.791,29228.84656,2664.48339844
Spain,ESP,2014,83.2292682926829,3.781,29707.76551,2716.5793457
Spain,ESP,2015,82.8317073170732,3.826,25982.44162,2383.85302734
Spain,ESP,2016,83.3292682926829,3.803,26755.60611,2378.13598633
Spain,ESP,2017,83.2829268292683,3.854,28381.34256,2564.55834961
Spain,ESP,2018,83.4317073170732,3.996,30602.42129,2784.16308594
Spain,ESP,2019,83.8317073170732,4.376,29786.52457,2756.62109375
Spain,ESP,2020,82.2317073170732,4.546,27233.94265,2942.41943359
Spain,ESP,2021,83.1780487804878,4.457,30799.47759,3188.8515625
Spain,ESP,2022,83.1341463414634,4.294,30319.49872,2948.61474609
Estonia,EST,2000,70.4170731707317,2.942,4070.609024,209.97769165
Estonia,EST,2001,70.2585365853659,2.783,4502.66615,214.70417786
Estonia,EST,2002,70.9048780487805,2.964,5343.183108,250.48020935
Estonia,EST,2003,71.3170731707317,2.996,7205.407033,368.97955322
Estonia,EST,2004,71.909756097561,3.023,8916.072827,474.50796509
Estonia,EST,2005,72.5682926829268,3.142,10414.63812,549.63024902
Estonia,EST,2006,72.6914634146341,3.182,12641.4801,627.18377686
Estonia,EST,2007,72.8146341463415,3.26,16745.4308,866.49945068
Estonia,EST,2008,73.7707317073171,3.342,18205.90641,1082.15478516
Estonia,EST,2009,74.8243902439024,3.281,14712.44942,1006.50708008
Estonia,EST,2010,75.4292682926829,3.244,14663.7041,966.19024658
Estonia,EST,2011,76.2292682926829,3.294,17555.54552,1061.1628418
Estonia,EST,2012,76.3268292682927,3.284,17568.2138,1058.71960449
Estonia,EST,2013,77.1414634146341,3.335,19310.38749,1194.86206055
Estonia,EST,2014,77.0341463414634,3.361,20581.7899,1287.76123047
Estonia,EST,2015,77.590243902439,3.417,17722.15577,1156.20275879
Estonia,EST,2016,77.6414634146342,3.457,18666.37365,1226.0859375
Estonia,EST,2017,78.0926829268293,3.468,20851.52235,1350.12646484
Estonia,EST,2018,78.2439024390244,3.483,23618.13613,1553.43347168
Estonia,EST,2019,78.6463414634147,3.469,24021.25014,1599.3503418
Estonia,EST,2020,78.5951219512195,3.479,23933.99394,1789.03417969
Estonia,EST,2021,76.9439024390244,3.43,27951.16593,2091.15649414
Estonia,EST,2022,77.8439024390244,3.469,28340.38265,1998.74523926
Ethiopia,ETH,2000,50.88,0.021,122.2692026,5.28970861
Ethiopia,ETH,2001,51.428,0.028,118.4572043,5.50955105
Ethiopia,ETH,2002,52.085,0.029,109.5938136,5.14964151
Ethiopia,ETH,2003,52.877,0.026,116.8004911,5.70984173
Ethiopia,ETH,2004,53.735,0.026,133.1698125,5.7385993
Ethiopia,ETH,2005,54.364,0.031,158.2434581,6.4820013
Ethiopia,ETH,2006,55.402,0.026,189.3457375,8.42413712
Ethiopia,ETH,2007,56.566,0.022,237.146256,11.63210678
Ethiopia,ETH,2008,57.733,0.024,316.4104751,13.03863621
Ethiopia,ETH,2009,58.715,0.025,368.5747123,15.1445961
Ethiopia,ETH,2018,65.257,0.075,739.7020223,23.5205574
Ethiopia,ETH,2019,65.741,0.089,793.4732472,25.93511963
Ethiopia,ETH,2020,65.969,0.102,829.7909825,28.28001595
Ethiopia,ETH,2021,65.33,0.1,893.0098354,26.06931114
Ethiopia,ETH,2022,66.897,0.105,982.1031615,27.06845474
Fragile and conflict affected situations,FCS,2000,55.4884249847297,0.610337036293349,751.801263,23.403048559014
Fragile and conflict affected situations,FCS,2010,59.3431607628088,0.496676883180873,2017.567414,66.7227825151365
Fragile and conflict affected situations,FCS,2022,62.702271566254,0.52751400922641,1850.917431,72.8781507440048
Finland,FIN,2000,77.4658536585366,2.499,24335.92251,1726.74438477
Finland,FIN,2001,77.9658536585366,2.5,24965.203,1810.40380859
Finland,FIN,2002,78.119512195122,2.527,26989.38926,2059.3269043
Finland,FIN,2003,78.3682926829268,2.564,32920.08572,2613.84570313
Finland,FIN,2004,78.7146341463415,3.653,37768.13342,3044.12109375
Finland,FIN,2005,78.8170731707317,3.674,39049.87038,3236.85839844
Finland,FIN,2006,79.2146341463415,3.691,41214.01878,3414.94140625
Finland,FIN,2007,79.2634146341464,3.729,48473.02401,3918.64453125
Finland,FIN,2008,79.5682926829268,3.742,53769.47262,4486.33789063
Finland,FIN,2009,79.719512195122,3.775,47478.34953,4349.89501953
Finland,FIN,2010,79.8707317073171,3.44,46506.2919,4251.52880859
Finland,FIN,2011,80.4707317073171,3.543,51060.32426,4717.5078125
Finland,FIN,2012,80.6268292682927,3.556,47551.67408,4573.19726563
Finland,FIN,2013,80.9756097560976,3.386,49691.01452,4892.03369141
Finland,FIN,2014,81.1804878048781,3.448,50073.77608,4922.4296875
Finland,FIN,2015,81.4804878048781,3.421,42560.34568,4128.20751953
Finland,FIN,2016,81.4292682926829,3.42,43451.25624,4108.73974609
Finland,FIN,2017,81.6317073170732,3.437,46085.01747,4235.75488281
Finland,FIN,2018,81.7341463414634,3.463,49654.2497,4521.27636719
Finland,FIN,2019,81.9829268292683,3.566,48358.18078,4459.9296875
Finland,FIN,2020,81.9317073170732,3.61,48828.68469,4736.21435547
Finland,FIN,2021,81.8853658536585,3.609,53099.13514,5261.90966797
Fiji,FJI,2003,65.653,0.439,2655.580796,86.09690094
Fiji,FJI,2008,66.32,0.373,3899.922315,134.50354004
Fiji,FJI,2009,66.347,0.41,3164.132754,121.05646515
Fiji,FJI,2013,66.545,0.77,4572.443775,158.51806641
Fiji,FJI,2015,66.48,0.813,5097.531069,169.47518921
France,FRA,2000,79.0560975609756,3.328,22340.59395,2161.85302734
France,FRA,2001,79.1585365853659,3.358,22331.79483,2192.71557617
France,FRA,2002,79.2609756097561,3.381,24144.5727,2449.75830078
France,FRA,2003,79.1146341463415,3.396,29479.52221,3006.3059082
France,FRA,2004,80.1634146341463,3.413,33644.92822,3458.62744141
France,FRA,2005,80.1634146341463,3.413,34696.37183,3575.02514648
France,FRA,2006,80.8121951219512,3.406,36431.56589,3811.55175781
France,FRA,2007,81.1121951219512,3.388,41486.19078,4312.31054688
France,FRA,2008,81.2146341463415,3.385,45464.81814,4807.37451172
France,FRA,2009,81.4146341463415,3.339,41728.08842,4737.578125
France,FRA,2010,81.6634146341463,3.345,40694.82117,4593.66308594
France,FRA,2011,82.1146341463415,3.124,43929.78409,4936.95605469
France,FRA,2012,81.9682926829268,3.139,40863.58144,4659.92431641
France,FRA,2013,82.219512195122,3.156,42669.17951,4884.71582031
France,FRA,2014,82.719512195122,3.169,43148.04593,5007.29736328
France,FRA,2015,82.3219512195122,3.184,36702.43237,4226.62646484
France,FRA,2016,82.5731707317073,3.2,37024.21571,4289.34716797
France,FRA,2017,82.5756097560976,3.217,38687.16264,4436.63720703
France,FRA,2018,82.6756097560976,3.214,41418.17665,4692.99511719
France,FRA,2019,82.8268292682927,3.243,40408.28486,4519.98583984
France,FRA,2020,82.1756097560976,3.252,39169.8606,4760.08251953
France,FRA,2021,82.3243902439024,3.264,43725.09995,5364.89746094
France,FRA,2022,82.1292682926829,3.281,40988.63964,4857.73388672
"Micronesia, Fed. Sts.",FSM,2000,64.317,0.571,2049.345325,161.47862244
"Micronesia, Fed. Sts.",FSM,2003,64.915,0.534,2145.877553,208.84524536
"Micronesia, Fed. Sts.",FSM,2005,64.906,0.557,2207.168445,397.91644287
"Micronesia, Fed. Sts.",FSM,2008,64.849,0.588,2369.508117,289.50195313
"Micronesia, Fed. Sts.",FSM,2009,64.865,0.1942,2544.111146,325.56570435
"Micronesia, Fed. Sts.",FSM,2012,65.08,0.667,2992.289161,372.10220337
"Micronesia, Fed. Sts.",FSM,2019,66.196,0.762,3572.659183,425.28103638
"Micronesia, Fed. Sts.",FSM,2020,65.878,0.974,3362.028021,403.03540039
Gabon,GAB,2004,62.694,0.278,5465.791936,183.92318726
Gabon,GAB,2008,64.011,0.0968,9688.645197,275.89450073
Gabon,GAB,2016,66.583,0.34,6677.070039,207.50273132
Gabon,GAB,2017,66.816,0.653,6921.733731,192.47543335
Gabon,GAB,2018,67.043,0.618,7624.277523,209.28697205
Gabon,GAB,2019,67.337,0.603,7441.178647,205.99945068
Gabon,GAB,2020,67.073,0.586,6605.803461,227.2480011
Gabon,GAB,2022,67.713,0.521,8409.207415,243.09941101
United Kingdom,GBR,2000,77.7414634146342,1.987,28383.87611,2020.96813965
United Kingdom,GBR,2001,77.9926829268293,2.036,28013.87296,2074.59936523
United Kingdom,GBR,2002,78.1439024390244,2.107,30158.70178,2364.04736328
United Kingdom,GBR,2003,78.4463414634146,2.194,34556.77261,2773.99414063
United Kingdom,GBR,2004,78.7463414634146,2.324,40504.41181,3361.65625
United Kingdom,GBR,2005,79.0487804878049,2.4,42240.2463,3528.16162109
United Kingdom,GBR,2006,79.2487804878049,2.45,44695.16102,3802.56347656
United Kingdom,GBR,2007,79.4487804878049,2.481,50629.07992,4415.51220703
United Kingdom,GBR,2008,79.6,2.559,47652.40307,4280.36083984
United Kingdom,GBR,2009,80.0512195121951,2.642,39009.37155,3813.02758789
United Kingdom,GBR,2010,80.4024390243902,2.645,39778.32205,3876.33911133
United Kingdom,GBR,2011,80.9512195121951,2.682,42295.92738,4123.70019531
United Kingdom,GBR,2012,80.9048780487805,2.69,42688.32637,4204.08300781
United Kingdom,GBR,2013,81.0048780487805,2.702,43606.98379,4340.16992188
United Kingdom,GBR,2014,81.3048780487805,2.738,47746.24218,4733.37060547
United Kingdom,GBR,2015,80.9560975609756,2.767,45255.34492,4470.09228516
United Kingdom,GBR,2016,81.1560975609756,2.773,41257.90855,4043.35253906
United Kingdom,GBR,2017,81.2560975609756,2.802,40916.81151,3938.65234375
United Kingdom,GBR,2018,81.2560975609756,2.828,43702.99763,4233.62988281
United Kingdom,GBR,2019,81.3691219512195,2.932,43158.74113,4260.03222656
United Kingdom,GBR,2020,80.331756097561,3.028,40812.67947,4865.97802734
United Kingdom,GBR,2021,80.6473170731707,3.16,47691.37688,5645.40136719
United Kingdom,GBR,2022,81.0112195121951,3.143,47057.04323,5111.81738281
Georgia,GEO,2000,70.091,3.867,749.908535,52.25807953
Georgia,GEO,2001,70.371,3.793,801.9838371,56.36803818
Georgia,GEO,2002,70.438,3.928,853.5261719,66.08916473
Georgia,GEO,2003,71.377,3.97,1010.031516,80.6542511
Georgia,GEO,2004,71.011,3.96,1305.047486,105.09565735
Georgia,GEO,2005,70.689,3.991,1642.783594,132.22496033
Georgia,GEO,2006,70.983,4.055,1996.020133,152.0617218
Georgia,GEO,2007,70.985,4.099,2635.366503,195.9908905
Georgia,GEO,2008,70.949,4.205,3324.753721,281.84671021
Georgia,GEO,2009,71.058,4.438,2822.689397,270.2170105
Georgia,GEO,2010,71.732,4.679,3281.729309,287.75900269
Georgia,GEO,2011,72.485,4.747,4119.668183,315.29684448
Georgia,GEO,2012,72.672,4.75,4530.695334,349.90432739
Georgia,GEO,2013,73.025,4.799,4712.002294,368.16253662
Georgia,GEO,2014,73.105,5.081,4830.334862,392.86099243
Georgia,GEO,2015,73.241,5.313,4086.622347,347.71783447
Georgia,GEO,2016,73.136,6.351,4143.401257,369.51849365
Georgia,GEO,2017,73.435,6.478,4418.752065,377.92520142
Georgia,GEO,2018,73.985,7.51,4804.054604,365.91583252
Georgia,GEO,2019,74.165,7.452,4741.283272,339.86679077
Georgia,GEO,2020,73.509,5.121,4300.857013,389.42260742
Georgia,GEO,2021,71.635,5.287,5083.606955,524.32415771
Georgia,GEO,2022,74.141,5.538,6729.846599,546.22503662
Ghana,GHA,2002,58.709,0.09,297.4616447,14.30371571
Ghana,GHA,2004,59.316,0.148,406.1321053,23.57214928
Ghana,GHA,2007,60.282,0.07,1050.124615,57.34096527
Ghana,GHA,2008,60.578,0.077,1182.657613,63.45487595
Ghana,GHA,2009,60.928,0.082,1047.704301,62.44382095
Ghana,GHA,2010,61.297,0.091,1263.892518,80.6833725
Ghana,GHA,2011,61.617,0.095,1507.435732,91.70959473
Ghana,GHA,2012,61.995,0.093,1543.775242,81.96895599
Ghana,GHA,2013,62.397,0.1,2294.795847,105.34784698
Ghana,GHA,2014,62.832,0.108,1949.908329,78.46701813
Ghana,GHA,2015,63.175,0.114,1722.772828,78.21643066
Ghana,GHA,2016,63.522,0.123,1912.479913,64.86400604
Ghana,GHA,2017,63.829,0.089,2012.286626,54.10602188
Ghana,GHA,2018,64.138,0.144,2195.32166,53.37788773
Ghana,GHA,2019,64.455,0.104,2186.658227,71.14958191
Ghana,GHA,2020,64.309,0.166,2195.454817,97.37677765
Ghana,GHA,2021,64.286,0.128,2445.186625,94.40388489
Ghana,GHA,2022,65.246,0.143,2229.891226,82.32108307
Guinea,GIN,2000,52.42,0.091,518.1570669,22.71741867
Guinea,GIN,2004,53.975,0.109,584.8977405,26.41420937
Guinea,GIN,2005,54.422,0.102,463.1776869,19.66388702
Guinea,GIN,2014,57.581,0.161,765.1469994,36.63517761
Guinea,GIN,2015,57.899,0.083,747.3569668,43.41540527
Guinea,GIN,2016,58.49,0.081,711.9965098,38.42609406
Guinea,GIN,2018,59.043,0.219,933.2736156,34.88978195
Guinea,GIN,2022,60.432,0.21,1416.59612,53.2922287
"Gambia, The",GMB,2003,58.223,0.099,308.7191234,28.3001461
"Gambia, The",GMB,2004,58.749,0.102,593.2853463,32.15613174
"Gambia, The",GMB,2005,59.11,0.1,616.4836579,33.2039566
"Gambia, The",GMB,2006,59.667,0.102,614.5443079,33.41355896
"Gambia, The",GMB,2007,60.001,0.09,724.7264072,35.91078568
"Gambia, The",GMB,2008,60.473,0.096,859.1276714,40.0297699
"Gambia, The",GMB,2015,62.971,0.096,619.5363643,19.67725563
"Gambia, The",GMB,2017,63.708,0.099,642.5226413,21.55331612
"Gambia, The",GMB,2018,64.034,0.124,696.219807,22.17474365
"Gambia, The",GMB,2019,64.427,0.077,738.186752,23.21861267
"Gambia, The",GMB,2020,64.418,0.078,720.3351434,28.9169693
"Gambia, The",GMB,2021,63.847,0.104,781.8909252,29.77283478
"Gambia, The",GMB,2022,64.859,0.104,836.2448759,29.57811737
Guinea-Bissau,GNB,2004,52.8,0.139,431.3765577,18.42279816
Guinea-Bissau,GNB,2008,55.3,0.052,640.2103311,34.26661301
Guinea-Bissau,GNB,2009,56.297,0.081,583.1900201,26.88874054
Guinea-Bissau,GNB,2011,57.663,0.062,719.5395735,44.72909927
Guinea-Bissau,GNB,2015,60.071,0.198,645.0668372,52.45866776
Guinea-Bissau,GNB,2016,60.619,0.1,679.6653866,56.60805511
Guinea-Bissau,GNB,2018,61.652,0.301,808.5316132,58.87445068
Guinea-Bissau,GNB,2020,61.343,0.191,846.9158557,67.88795471
Guinea-Bissau,GNB,2021,61.653,0.22,926.7809211,70.21189117
Guinea-Bissau,GNB,2022,63.605,0.252,883.1991315,68.01049042
Equatorial Guinea,GNQ,2004,55.307,0.17,4901.301274,104.54925537
Equatorial Guinea,GNQ,2017,61.481,0.325,7809.104657,223.4354248
Equatorial Guinea,GNQ,2022,63.355,0.153,7589.299649,215.32841492
Greece,GRC,2000,77.8878048780488,4.382,11638.20107,885.41052246
Greece,GRC,2001,78.3878048780488,4.422,12156.95728,1004.81542969
Greece,GRC,2002,78.6414634146341,4.623,13782.19564,1168.82409668
Greece,GRC,2003,78.8414634146341,4.783,18020.61204,1566.40979004
Greece,GRC,2004,79.0390243902439,4.928,21449.25528,1782.69592285
Greece,GRC,2005,79.2390243902439,5.059,22054.13158,1935.26757813
Greece,GRC,2006,79.4390243902439,5.41,24416.0233,2052.87548828
Greece,GRC,2007,79.4390243902439,5.632,28440.76253,2426.75952148
Greece,GRC,2008,79.9390243902439,5.71,31695.83311,2840.50854492
Greece,GRC,2009,80.1878048780488,5.791,29425.45732,2809.05957031
Greece,GRC,2010,80.3878048780488,5.756,26653.0488,2564.36987305
Greece,GRC,2011,80.7317073170732,5.774,25504.78665,2338.91577148
Greece,GRC,2012,80.6341463414634,5.778,21624.34605,1948.24816895
Greece,GRC,2013,81.2853658536585,5.811,21573.34498,1832.02954102
Greece,GRC,2014,81.3853658536585,5.867,21474.72571,1700.4942627
Greece,GRC,2015,81.0365853658537,5.902,17980.72982,1481.41967773
Greece,GRC,2016,81.3878048780488,6.122,17919.24264,1513.25939941
Greece,GRC,2017,81.2878048780488,6.067,18631.99301,1509.78442383
Greece,GRC,2018,81.7878048780488,6.105,19873.40152,1603.07788086
Greece,GRC,2019,81.6390243902439,6.163,19335.3602,1569.02844238
Greece,GRC,2020,81.2878048780488,6.186,17886.73317,1674.78417969
Greece,GRC,2021,80.0829268292683,6.366,20654.7002,1846.37304688
Greece,GRC,2022,80.7878048780488,6.576,20886.52431,1768.11071777
Grenada,GRD,2000,72.955,0.54,4839.828111,259.33764648
Grenada,GRD,2001,73.034,0.537,4819.507767,271.03814697
Grenada,GRD,2002,73.142,0.535,4984.474059,307.84365845
Grenada,GRD,2003,73.291,0.533,5427.963773,286.90512085
Grenada,GRD,2006,73.93,0.627,6344.038377,324.32067871
Grenada,GRD,2017,74.977,1.352,9751.426612,454.07266235
Grenada,GRD,2018,74.957,1.383,10083.02128,462.2394104
Guatemala,GTM,2009,69.676,0.91,2611.646328,169.37559509
Guatemala,GTM,2017,71.583,0.286,4324.997689,265.36593628
Guatemala,GTM,2018,71.496,0.363,4352.945933,265.81820679
Guatemala,GTM,2020,69.971,1.281,4477.61785,289.21640015
Guyana,GUY,2000,64.075,0.479,931.7966517,62.37635422
Guyana,GUY,2009,66.03,0.214,4209.132306,150.21723938
Guyana,GUY,2010,66.204,0.687,4581.761797,162.70393372
Guyana,GUY,2018,68.829,1.79,6048.386972,296.66903687
Guyana,GUY,2020,67.751,1.387,6775.709391,364.20135498
Honduras,HND,2000,68.302,0.559,1092.564007,68.48374939
Honduras,HND,2005,69.198,0.358,1304.700392,97.86359406
Honduras,HND,2010,69.77,0.293,1893.327227,165.19970703
Honduras,HND,2016,71.615,0.589,2307.344684,177.8835144
Honduras,HND,2017,71.805,0.304,2413.007656,169.07194519
Honduras,HND,2020,70.864,0.489,2307.614943,212.7419281
Heavily indebted poor countries (HIPC),HPC,2000,53.0027773997971,0.112479382938004,377.4593859,15.8774151240166
Heavily indebted poor countries (HIPC),HPC,2010,58.7325941662949,0.106407444908056,812.0805499,40.5564270675064
Heavily indebted poor countries (HIPC),HPC,2022,63.8404661926623,0.200202665629356,1121.483873,50.2027951771848
Croatia,HRV,2000,72.8078048780488,2.413,4953.651588,385.78341675
Croatia,HRV,2001,74.5129268292683,2.453,5364.838247,387.8130188
Croatia,HRV,2002,74.7173170731707,2.459,6219.581641,386.41821289
Croatia,HRV,2003,74.6139024390244,2.512,8190.111352,511.99743652
Croatia,HRV,2004,75.520243902439,2.574,9718.973228,633.98242188
Croatia,HRV,2005,75.2446341463415,2.573,10443.52784,726.6114502
Croatia,HRV,2006,75.8368292682927,2.607,11501.20997,815.39093018
Croatia,HRV,2007,75.7056097560976,2.734,13755.83211,1040.44995117
Croatia,HRV,2008,75.9121951219512,2.735,15888.06069,1258.09594727
Croatia,HRV,2009,76.1682926829268,2.741,14474.65198,1187.34326172
Croatia,HRV,2010,76.4756097560976,2.861,13729.7655,1126.81970215
Croatia,HRV,2011,76.7756097560976,2.918,14691.5583,1134.88916016
Croatia,HRV,2012,77.1682926829268,2.999,13507.78053,1034.02124023
Croatia,HRV,2013,77.5707317073171,3.042,14134.9475,894.07080078
Croatia,HRV,2014,77.7243902439024,3.153,14186.72955,915.2689209
Croatia,HRV,2015,77.2756097560976,3.21,12283.78406,803.41619873
Croatia,HRV,2016,77.9219512195122,3.265,12820.16539,851.92492676
Croatia,HRV,2017,77.7268292682927,3.404,13901.78781,919.22418213
Croatia,HRV,2018,77.919512195122,3.497,15460.36696,1045.14904785
Croatia,HRV,2019,78.2243902439024,3.59,15563.59873,1063.54443359
Croatia,HRV,2020,77.5243902439024,3.606,14807.56085,1123.37963867
Croatia,HRV,2021,76.4243902439025,3.734,17788.78658,1423.52905273
Croatia,HRV,2022,77.5756097560976,3.909,18465.54144,1328.80371094
Haiti,HTI,2011,61.581,0.14,1312.039536,77.12206268
Haiti,HTI,2013,62.624,0.234,1457.832212,59.38277435
Haiti,HTI,2015,63.224,0.087,1411.126847,68.50547791
Haiti,HTI,2018,64.077,0.238,1496.38049,62.30102539
Haiti,HTI,2022,63.948,0.292,1760.626357,52.28417587
Hungary,HUN,2000,71.2463414634146,3.012,4629.917608,313.10858154
Hungary,HUN,2001,72.2487804878049,3.255,5280.94888,359.69750977
Hungary,HUN,2002,72.3487804878049,3.679,6658.044943,473.12783813
Hungary,HUN,2003,72.3,3.783,8410.092482,682.86566162
Hungary,HUN,2004,72.6487804878049,3.344,10291.26947,798.45361328
Hungary,HUN,2005,72.6487804878049,2.787,11212.2047,895.20330811
Hungary,HUN,2006,73.0975609756098,3.042,11478.48916,893.20300293
Hungary,HUN,2007,73.1512195121951,2.809,13934.60546,1003.25805664
Hungary,HUN,2008,73.7024390243903,3.097,15762.63225,1117.20227051
Hungary,HUN,2009,73.9048780487805,3.027,13051.18318,943.68774414
Hungary,HUN,2010,74.2073170731707,2.875,13189.84339,983.11083984
Hungary,HUN,2011,74.8585365853659,2.966,14211.46056,1063.43237305
Hungary,HUN,2012,75.0634146341463,3.09,12950.15945,961.1383667
Hungary,HUN,2013,75.5658536585366,3.21,13739.46202,991.98742676
Hungary,HUN,2014,75.7634146341463,3.325,14352.50188,1008.92950439
Hungary,HUN,2015,75.5682926829269,3.098,12782.94126,874.04138184
Hungary,HUN,2016,76.0634146341464,3.212,13215.86053,918.94506836
Hungary,HUN,2017,75.8170731707317,3.326,14736.16682,990.90808105
Hungary,HUN,2018,76.0658536585366,3.384,16605.05705,1087.64611816
Hungary,HUN,2019,76.3195121951219,3.494,17012.85986,1062.15869141
Hungary,HUN,2020,75.419512195122,3.14,16386.93088,1182.54138184
Hungary,HUN,2021,74.0658536585366,3.299,19030.62813,1392.97460938
Hungary,HUN,2022,75.8682926829268,3.456,18428.02883,1228.00231934
IBRD only,IBD,2010,71.5021795019761,1.59906693830764,4561.251918,230.125570534571
IBRD only,IBD,2022,74.2512821129351,1.94046412974585,7699.232588,447.260654903885
IDA & IBRD total,IBT,2000,65.6561055756184,1.21442250198947,1251.807985,63.1623372417193
IDA & IBRD total,IBT,2010,68.9258524146461,1.20487119074909,3715.566791,184.83497346468
IDA & IBRD total,IBT,2022,71.6775988813721,1.55107014441075,6036.813744,340.376152313893
IDA total,IDA,2000,56.4099256661262,0.352519116020521,458.2989388,16.3778774629153
IDA total,IDA,2010,60.9876721864592,0.374629909149653,1109.841383,43.8819094379411
IDA total,IDA,2022,64.8823000336808,0.511390512085274,1647.527325,60.2541339650288
IDA blend,IDB,2000,55.5992722966425,0.579578622921363,619.821306,20.0116363787541
IDA blend,IDB,2010,59.0515129063523,0.577797098185083,1535.299223,53.9348799073605
IDA blend,IDB,2022,62.1288641416852,0.765422848110841,2234.836162,74.7290098121786
Indonesia,IDN,2003,67.134,0.131,1043.210584,25.51065636
Indonesia,IDN,2009,68.267,0.259,2218.485419,62.4021759
Indonesia,IDN,2010,68.364,0.239,3065.683484,85.55950165
Indonesia,IDN,2012,68.862,0.197,3632.27254,105.85425568
Indonesia,IDN,2015,69.52,0.27,3288.222697,96.15701294
Indonesia,IDN,2017,69.953,0.373,3798.883262,110.32610321
Indonesia,IDN,2018,70.08,0.421,3860.953531,110.71585846
Indonesia,IDN,2019,70.349,0.462,4106.948562,118.22380829
Indonesia,IDN,2020,68.817,0.62,3853.702888,131.8225708
Indonesia,IDN,2021,67.452,0.688,4287.17314,158.89761353
Indonesia,IDN,2022,70.925,0.681,4730.834848,127.44384766
IDA only,IDX,2000,56.8421152735884,0.215969600693699,372.859416,14.4044555400511
IDA only,IDX,2010,62.0444390879458,0.259412654205372,877.6240398,38.2510945000235
IDA only,IDX,2022,66.3600754986121,0.373015488929292,1332.317302,52.4741092390193
India,IND,2014,68.932,0.715,1553.883961,56.3490181
India,IND,2015,69.326,0.723,1583.998159,58.12401581
India,IND,2016,69.709,0.748,1707.508929,59.72652817
India,IND,2017,70.068,0.766,1950.104683,56.66844559
India,IND,2018,70.415,0.84,1966.254552,57.46551132
India,IND,2019,70.746,0.889,2041.428637,60.6913681
India,IND,2020,70.156,0.723,1907.042516,63.83099747
Ireland,IRL,2000,76.5365853658537,2.219,26334.56721,1564.83764648
Ireland,IRL,2001,77.1341463414634,2.373,28282.40988,1823.73474121
Ireland,IRL,2002,77.6341463414634,2.404,32705.43456,2200.35742188
Ireland,IRL,2003,78.1390243902439,2.572,41203.52958,2910.93212891
Ireland,IRL,2004,78.5390243902439,2.74,47754.20232,3483.16064453
Ireland,IRL,2005,78.9439024390244,3.531,50933.02161,3938.19116211
Ireland,IRL,2006,79.2414634146342,3.631,54329.16186,4147.1328125
Ireland,IRL,2007,79.6414634146341,3.838,61396.41746,4858.64501953
Ireland,IRL,2008,80.0951219512195,3.952,61353.10656,5638.77929688
Ireland,IRL,2009,80.190243902439,4.004,52133.09062,5502.88769531
Ireland,IRL,2010,80.7439024390244,4.128,48623.96664,5133.45507813
Ireland,IRL,2011,80.7463414634146,4.104,52613.85404,5538.00195313
Ireland,IRL,2012,80.8463414634146,3.949,49335.84081,5187.27197266
Ireland,IRL,2013,80.9487804878049,3.927,52537.61086,5295.52050781
Ireland,IRL,2014,81.3487804878049,3.012,57214.53798,5309.90380859
Ireland,IRL,2015,81.4536585365854,3.119,64250.13852,4575.84912109
Ireland,IRL,2016,81.6536585365854,3.193,64129.55715,4746.93701172
Ireland,IRL,2017,82.1560975609756,3.256,72161.40475,5023.51123047
Ireland,IRL,2018,82.2048780487805,3.276,80804.11232,5494.98632813
Ireland,IRL,2019,82.7024390243903,3.317,81827.66889,5454.31152344
Ireland,IRL,2020,82.4560975609756,3.458,86514.07061,6073.10546875
Ireland,IRL,2021,82.2536585365854,4.028,103783.4463,6754.07519531
Ireland,IRL,2022,82.509756097561,3.362,105190.686,6407.92333984
"Iran, Islamic Rep.",IRN,2004,72.04,0.865,2672.422665,139.75932312
"Iran, Islamic Rep.",IRN,2005,72.446,0.861,3132.050819,169.8145752
"Iran, Islamic Rep.",IRN,2006,72.895,0.515,3618.916014,192.07597351
"Iran, Islamic Rep.",IRN,2014,75.635,1.43,5672.063729,395.027771
"Iran, Islamic Rep.",IRN,2015,75.907,1.095,4952.733555,423.28967285
"Iran, Islamic Rep.",IRN,2017,76.396,1.071,6000.933464,457.22549438
"Iran, Islamic Rep.",IRN,2018,76.621,1.505,4783.010673,244.21661377
Iraq,IRQ,2004,64.634,0.658,1328.371576,51.81518173
Iraq,IRQ,2005,64.899,0.66,1762.393604,53.0551796
Iraq,IRQ,2007,64.428,0.528,3128.990103,100.59433746
Iraq,IRQ,2010,68.092,0.636,4461.751962,144.54083252
Iraq,IRQ,2014,69.679,0.823,6249.39227,178.98071289
Iraq,IRQ,2015,69.977,0.718,4440.141893,149.07951355
Iraq,IRQ,2016,68.683,0.707,4334.420964,199.88560486
Iraq,IRQ,2017,69.788,0.8,4759.284644,197.23654175
Iraq,IRQ,2018,71.116,0.676,5646.689321,232.86825562
Iraq,IRQ,2019,71.245,0.881,5671.856863,241.73873901
Iraq,IRQ,2020,69.651,0.923,4295.189451,248.04725647
Iraq,IRQ,2021,70.704,0.983,4868.494311,251.59538269
Iraq,IRQ,2022,72.037,1.022,6520.731546,283.17074585
Iceland,ISL,2000,79.6536585365854,3.441,32503.57896,2855.57470703
Iceland,ISL,2001,80.690243902439,3.473,29208.19819,2528.5456543
Iceland,ISL,2002,80.5024390243903,3.578,32749.379,3046.81665039
Iceland,ISL,2003,80.9634146341464,3.615,39944.21041,3839.6940918
Iceland,ISL,2004,80.9975609756098,4.192,47809.60731,4414.23339844
Iceland,ISL,2005,81.5024390243902,3.612,57783.77456,5079.68945313
Iceland,ISL,2006,81.1585365853659,3.603,58172.14267,4918.23339844
Iceland,ISL,2007,81.4536585365854,3.612,70483.01172,5803.81152344
Iceland,ISL,2008,81.609756097561,3.641,57489.33998,4749.68408203
Iceland,ISL,2009,81.7512195121951,3.647,41483.78437,3622.97827148
Iceland,ISL,2010,81.8975609756097,3.589,43776.46774,3614.03833008
Iceland,ISL,2011,82.3585365853659,3.504,48254.95393,3937.31591797
Iceland,ISL,2012,82.9170731707317,3.56,46594.98691,3784.38378906
Iceland,ISL,2013,82.0609756097561,3.606,50173.33601,4095.67626953
Iceland,ISL,2014,82.8609756097561,3.643,55140.36494,4522.90576172
Iceland,ISL,2015,82.4682926829268,3.773,53505.69641,4303.84179688
Iceland,ISL,2016,82.2048780487805,3.85,62854.09064,5053.51757813
Iceland,ISL,2017,82.6609756097561,3.872,72976.373,5992.05322266
Iceland,ISL,2018,82.8609756097561,3.891,75633.86514,6280.03857422
Iceland,ISL,2019,83.1634146341463,3.892,69296.31444,5912.00976563
Iceland,ISL,2020,83.0634146341463,4.318,60127.93936,5692.89111328
Iceland,ISL,2021,83.1658536585366,4.377,70425.40643,6722.421875
Iceland,ISL,2022,82.119512195122,4.44,76350.45504,6851.62939453
Israel,ISR,2000,78.9536585365854,3.697,21706.51941,1473.00915527
Israel,ISR,2001,79.4073170731707,3.693,20966.30527,1509.44506836
Israel,ISR,2002,79.4512195121951,3.698,19076.45843,1355.33447266
Israel,ISR,2003,79.6487804878049,3.699,19643.46904,1384.18737793
Israel,ISR,2004,80.1463414634146,3.67,20568.06941,1438.98999023
Israel,ISR,2005,80.1512195121951,3.626,21286.83886,1509.10583496
Israel,ISR,2006,80.5536585365854,3.593,22527.26198,1555.56396484
Israel,ISR,2007,80.5048780487805,3.558,25721.25941,1769.92504883
Israel,ISR,2008,80.9512195121951,3.52,30269.21777,2126.11132813
Israel,ISR,2009,81.4048780487805,3.526,28508.49389,2034.45812988
Israel,ISR,2010,81.6024390243903,3.515,31439.0887,2237.90795898
Israel,ISR,2011,81.6560975609756,3.52,34522.5216,2442.29052734
Israel,ISR,2012,81.7048780487805,3.503,33321.43009,2405.1809082
Israel,ISR,2013,82.0560975609756,3.472,37034.31611,2673.3371582
Israel,ISR,2014,82.1536585365854,3.442,38343.30466,2804.23144531
Israel,ISR,2015,82.0512195121951,3.431,36213.10415,2645.78857422
Israel,ISR,2016,82.4073170731707,3.422,37671.53891,2783.82495117
Israel,ISR,2017,82.5512195121951,3.43,41138.47096,3074.44604492
Israel,ISR,2018,82.8024390243903,3.477,42362.66528,3199.41625977
Israel,ISR,2019,82.8048780487805,3.521,44250.63136,3335.24511719
Israel,ISR,2020,82.6487804878049,3.567,44575.5719,3616.50219727
Israel,ISR,2021,82.5,3.636,52270.90402,4294.18847656
Israel,ISR,2022,82.7,3.686,54949.62156,4107.72998047
Italy,ITA,2000,79.7780487804878,3.424,20190.00356,1524.23962402
Italy,ITA,2001,80.1268292682927,3.487,20570.43859,1586.67272949
Italy,ITA,2002,80.2292682926829,9.344,22451.39644,1762.359375
Italy,ITA,2003,79.9829268292683,3.604,27577.57003,2160.91210938
Italy,ITA,2004,80.7804878048781,3.667,31348.19018,2560.45776367
Italy,ITA,2005,80.7829268292683,3.687,32062.72383,2669.72802734
Italy,ITA,2006,81.2829268292683,3.685,33537.1287,2821.77392578
Italy,ITA,2007,81.4341463414634,3.752,37826.17546,3077.41381836
Italy,ITA,2008,81.4853658536585,3.74,40828.57956,3483.39086914
Italy,ITA,2009,81.6365853658537,3.739,37099.6134,3314.15844727
Italy,ITA,2010,82.0365853658537,3.763,35856.86255,3190.72045898
Italy,ITA,2011,82.1878048780488,3.835,38432.374280000004,3358.95654297
Italy,ITA,2012,82.2390243902439,3.81,34854.39494,3071.00048828
Italy,ITA,2013,82.690243902439,3.873,35701.6746,3139.87939453
Italy,ITA,2014,83.090243902439,3.888,36028.3494,3190.46777344
Italy,ITA,2015,82.5439024390244,3.848,30639.88298,2707.43310547
Italy,ITA,2016,83.2439024390244,3.963,31391.56929,2735.27783203
Italy,ITA,2017,82.9463414634147,3.999,32844.11566,2851.28686523
Italy,ITA,2018,83.3463414634146,3.987,34904.10819,3031.46459961
Italy,ITA,2019,83.4975609756098,4.024,33812.78872,2908.83154297
Italy,ITA,2020,82.1951219512195,3.97,32091.48666,3058.90014648
Italy,ITA,2021,82.6463414634146,4.064,36852.54254,3414.57299805
Italy,ITA,2022,82.7,4.191,35653.90421,3154.57104492
Jamaica,JAM,2003,71.585,0.848,3549.707584,177.21534729
Jamaica,JAM,2008,71.502,0.405,5029.800953,334.75042725
Jamaica,JAM,2012,72.405,0.363,5340.833332,330.38525391
Jamaica,JAM,2013,72.435,0.48,5124.213014,322.03283691
Jamaica,JAM,2014,72.357,0.391,4975.113255,312.77233887
Jamaica,JAM,2015,72.214,0.428,5339.307183,334.89901733
Jamaica,JAM,2016,72.052,0.471,5302.295534,330.15463257
Jamaica,JAM,2018,71.606,0.548,5976.903626,381.47775269
Jordan,JOR,2000,71.926,1.778,1570.610029,151.33486938
Jordan,JOR,2001,72.141,1.933,1632.29454,161.33900452
Jordan,JOR,2002,72.359,2.086,1706.267444,164.75001526
Jordan,JOR,2003,72.585,2.155,1775.676256,161.87841797
Jordan,JOR,2004,72.788,1.938,1940.086413,175.04393005
Jordan,JOR,2005,72.977,2.141,2087.870793,185.0302124
Jordan,JOR,2006,73.225,2.136,2342.634596,188.72041321
Jordan,JOR,2007,73.407,2.238,2506.205995,208.03627014
Jordan,JOR,2008,73.563,2.085,3241.652414,275.17532349
Jordan,JOR,2009,73.707,2.055,3435.833759,316.92221069
Jordan,JOR,2010,73.797,2.222,3718.465716,303.8081665
Jordan,JOR,2013,74.282,2.34,4311.219167,308.94308472
Jordan,JOR,2014,74.606,2.236,4191.180501,302.14120483
Jordan,JOR,2015,75.06,2.726,4042.756781,301.63067627
Jordan,JOR,2017,76.071,2.222,4065.616287,289.04656982
Jordan,JOR,2019,76.865,2.519,4170.1144,294.92785645
Jordan,JOR,2022,77.088,2.851,4332.251599,334.387146
Japan,JPN,2000,81.0760975609756,1.931,39169.35957,2751.38452148
Japan,JPN,2002,81.6907317073171,1.976,32820.79364,2412.35131836
Japan,JPN,2004,82.030243902439,2.029,38298.98017,2884.67358398
Japan,JPN,2006,82.3219512195122,2.082,35991.546,2763.53344727
Japan,JPN,2008,82.5875609756098,2.146,39876.30397,3223.29101563
Japan,JPN,2010,82.8426829268293,2.212,44968.15623,4071.80200195
Japan,JPN,2012,83.0960975609756,2.283,49145.28043,5232.36279297
Japan,JPN,2014,83.5878048780488,2.354,38475.39525,4121.21142578
Japan,JPN,2016,83.9848780487805,2.423,39375.47316,4194.22802734
Japan,JPN,2018,84.2109756097561,2.485,39751.1331,4265.77929688
Japan,JPN,2020,84.56,2.592,40028.73417,4581.60986328
Japan,JPN,2022,83.9963414634146,2.649,34065.6439,4201.79248047
Kazakhstan,KAZ,2000,63.793,3.158,1180.044456,49.093647
Kazakhstan,KAZ,2001,64.108,3.293,1422.273318,49.36683273
Kazakhstan,KAZ,2002,64.441,3.427,1573.552199,56.88095856
Kazakhstan,KAZ,2003,64.753,3.468,1958.020502,72.90396881
Kazakhstan,KAZ,2004,65.04,3.455,2722.474078,108.43822479
Kazakhstan,KAZ,2005,65.356,3.476,3577.35804,139.57885742
Kazakhstan,KAZ,2006,65.722,3.572,5030.134947,170.9365387
Kazakhstan,KAZ,2007,66.18,3.53,6449.439311,174.33786011
Kazakhstan,KAZ,2008,66.759,3.588,8123.547059,245.79397583
Kazakhstan,KAZ,2009,67.46,3.65,6938.011757,240.99569702
Kazakhstan,KAZ,2010,68.257,3.791,8793.0759,240.6149292
Kazakhstan,KAZ,2011,69.108,3.815,11287.14649,293.73300171
Kazakhstan,KAZ,2012,69.939,3.786,12018.79665,365.04208374
Kazakhstan,KAZ,2013,70.719,3.832,13478.45963,358.91342163
Kazakhstan,KAZ,2014,71.415,3.865,12427.70946,369.68508911
Kazakhstan,KAZ,2015,72.024,3.726,10196.12263,310.01428223
Kazakhstan,KAZ,2016,72.549,3.707,7475.566887,255.84049988
Kazakhstan,KAZ,2017,72.996,3.6,8943.084168,272.98272705
Kazakhstan,KAZ,2018,73.369,3.531,9472.485273,266.92147827
Kazakhstan,KAZ,2019,73.658,3.62,9457.126147,263.61331177
Kazakhstan,KAZ,2020,71.195,3.663,8781.507978,329.57086182
Kazakhstan,KAZ,2021,70.131,3.711,9983.601036,391.81536865
Kazakhstan,KAZ,2022,73.503,3.719,11255.33964,421.60028076
Kenya,KEN,2002,56.759,0.138,402.9363856,22.28772163
Kenya,KEN,2008,59.955,0.169,915.5443547,54.35681915
Kenya,KEN,2009,60.483,0.171,1047.967832,55.455616
Kenya,KEN,2010,60.915,0.171,1091.518731,58.8164711
Kenya,KEN,2011,61.283,0.177,1096.144998,57.02286911
Kenya,KEN,2012,61.537,0.184,1285.005362,64.48231506
Kenya,KEN,2013,61.729,0.193,1370.878852,67.59809875
Kenya,KEN,2014,61.99,0.199,1482.815663,72.84589386
Kenya,KEN,2018,62.825,0.16,1836.452755,75.27681732
Kenya,KEN,2020,61.596,0.074,1927.66459,86.5921936
Kenya,KEN,2021,61.225,0.098,2061.356221,94.20249176
Kenya,KEN,2022,63.549,0.236,2109.562885,91.18416595
Kyrgyz Republic,KGZ,2000,68.5585365853659,1.803,279.6217385,12.0349474
Kyrgyz Republic,KGZ,2001,68.7073170731707,1.745,308.4112955,12.87845421
Kyrgyz Republic,KGZ,2002,68.1560975609756,2.017,321.7267754,14.4122982
Kyrgyz Republic,KGZ,2003,68.2560975609756,2.081,380.5058288,21.68980598
Kyrgyz Republic,KGZ,2004,68.1536585365854,1.984,433.2338733,26.37302399
Kyrgyz Republic,KGZ,2005,67.9560975609756,2.02,476.5481936,34.93693161
Kyrgyz Republic,KGZ,2006,67.6951219512195,1.958,543.1135125,44.5950737
Kyrgyz Republic,KGZ,2007,67.8951219512195,1.886,721.7715775,49.61043167
Kyrgyz Republic,KGZ,2008,68.4512195121951,1.892,966.3885694,62.77722549
Kyrgyz Republic,KGZ,2009,69.1024390243903,1.88,870.1988945,59.93972397
Kyrgyz Republic,KGZ,2010,69.3,1.871,876.9544764,60.67642975
Kyrgyz Republic,KGZ,2011,69.6024390243903,1.897,1117.401744,78.73632813
Kyrgyz Republic,KGZ,2012,70.0024390243902,1.878,1168.622447,98.66984558
Kyrgyz Republic,KGZ,2013,70.2024390243902,1.87,1269.663035,103.59209442
Kyrgyz Republic,KGZ,2014,70.4024390243902,1.837,1264.526688,93.15830994
Kyrgyz Republic,KGZ,2015,70.6512195121951,1.846,1105.651938,79.54891205
Kyrgyz Republic,KGZ,2016,70.9512195121951,1.853,1103.274894,71.52179718
Kyrgyz Republic,KGZ,2017,71.2,1.835,1221.390468,76.60479736
Kyrgyz Republic,KGZ,2018,71.4,1.787,1283.520304,65.34625244
Kyrgyz Republic,KGZ,2019,71.6,1.759,1421.999275,61.39657974
Kyrgyz Republic,KGZ,2020,71.8,1.692,1229.517666,61.25272751
Kyrgyz Republic,KGZ,2021,71.9,1.651,1349.997307,72.58779144
Kyrgyz Republic,KGZ,2022,72.0487804878049,1.6,1739.720183,88.07954407
Cambodia,KHM,2000,59.491,0.164,296.4266875,19.27847862
Cambodia,KHM,2008,66.147,0.241,866.2839998,48.62422562
Cambodia,KHM,2009,66.747,0.235,875.7489362,55.25073624
Cambodia,KHM,2010,67.311,0.227,952.2746163,53.58575439
Cambodia,KHM,2011,67.869,0.224,1088.981528,65.3871994
Cambodia,KHM,2012,68.371,0.163,1192.80263,68.90019989
Cambodia,KHM,2013,68.755,0.14,1305.660097,65.39577484
Cambodia,KHM,2014,69.117,0.167,1431.563965,63.1011467
Cambodia,KHM,2015,69.398,0.15,1547.320104,70.23264313
Cambodia,KHM,2016,69.635,0.197,1675.195557,75.22520447
Cambodia,KHM,2017,69.842,0.195,1826.353917,77.97311401
Cambodia,KHM,2018,69.993,0.211,2036.673776,91.59080505
Cambodia,KHM,2019,70.127,0.211,2225.877055,112.5851059
Kiribati,KIR,2008,65.746,0.24,1410.622469,190.33927917
Kiribati,KIR,2010,65.859,0.377,1522.100687,133.15927124
Kiribati,KIR,2011,65.896,0.136,1771.129268,141.5138092
Kiribati,KIR,2013,65.898,0.193,1772.087183,154.34346008
St. Kitts and Nevis,KNA,2001,69.767,1.07,10022.59192,440.21563721
St. Kitts and Nevis,KNA,2015,71.211,2.909,20328.80035,1042.15063477
St. Kitts and Nevis,KNA,2018,71.336,3.085,22901.38164,1121.13977051
"Korea, Rep.",KOR,2000,75.909756097561,1.302,12710.29958,475.2520752
"Korea, Rep.",KOR,2001,76.4121951219512,1.397,11981.48282,503.15795898
"Korea, Rep.",KOR,2002,76.7658536585366,1.5,13642.94245,536.91662598
"Korea, Rep.",KOR,2003,77.2146341463415,1.579,15211.54838,684.79833984
"Korea, Rep.",KOR,2004,77.6658536585366,1.577,17121.63016,764.49401855
"Korea, Rep.",KOR,2005,78.1682926829268,1.637,20167.04749,944.55078125
"Korea, Rep.",KOR,2006,78.6682926829268,1.701,22609.70594,1130.53796387
"Korea, Rep.",KOR,2007,79.119512195122,1.753,25078.4854,1256.36437988
"Korea, Rep.",KOR,2008,79.5170731707317,1.872,22252.31251,1186.375
"Korea, Rep.",KOR,2009,79.9682926829268,1.95,19937.30291,1150.97253418
"Korea, Rep.",KOR,2010,80.1170731707317,2.016,24071.26205,1417.10913086
"Korea, Rep.",KOR,2011,80.5682926829269,2.063,26175.23986,1570.54943848
"Korea, Rep.",KOR,2012,80.819512195122,2.099,26600.54774,1603.93432617
"Korea, Rep.",KOR,2013,81.2707317073171,2.175,28449.35911,1738.80847168
"Korea, Rep.",KOR,2014,81.7219512195122,2.21,30667.09125,1922.98803711
"Korea, Rep.",KOR,2015,82.0243902439024,2.242,30171.79065,1950.89575195
"Korea, Rep.",KOR,2016,82.2756097560976,2.29,30832.06281,2042.72949219
"Korea, Rep.",KOR,2017,82.6268292682927,2.343,33296.98454,2258.15307617
"Korea, Rep.",KOR,2018,82.6268292682927,2.386,35363.95082,2523.04003906
"Korea, Rep.",KOR,2019,83.2268292682927,2.458,33826.94433,2602.4831543
"Korea, Rep.",KOR,2020,83.4268292682927,2.507,33645.77195,2699.6640625
"Korea, Rep.",KOR,2021,83.5268292682927,2.517,37518.46353,3125.82714844
"Korea, Rep.",KOR,2022,82.6804878048781,2.61,34822.40484,3078.55151367
Kuwait,KWT,2003,76.6445609756098,1.9,22690.65518,626.35095215
Kuwait,KWT,2004,76.7276829268293,1.5,27552.28274,649.42504883
Kuwait,KWT,2005,76.8007804878049,1.8,36122.61427,727.25366211
Kuwait,KWT,2006,76.8876829268293,1.46,42946.63741,782.20379639
Kuwait,KWT,2007,77.0101707317073,1.879,45709.41329,880.71105957
Kuwait,KWT,2008,77.1890487804878,1.884,55585.18893,1069.46472168
Kuwait,KWT,2009,77.4333658536585,1.91,37907.10013,1025.90490723
Kuwait,KWT,2010,77.7262195121951,2.47,39212.25222,1050.41589355
Kuwait,KWT,2011,78.052243902439,2.484,49169.60638,1147.15539551
Kuwait,KWT,2012,78.3950243902439,2.475,52155.22258,1216.8684082
Kuwait,KWT,2013,78.7418048780488,2.547,49651.04393,1235.29321289
Kuwait,KWT,2014,79.0803414634146,2.67,44368.78135,1293.8326416
Kuwait,KWT,2015,79.3765609756098,2.647,29882.21265,1259.55786133
Kuwait,KWT,2016,79.6775853658537,2.106,27323.68907,1292.71984863
Kuwait,KWT,2017,79.9160731707317,2.106,29047.65361,1351.72387695
Kuwait,KWT,2018,80.1063658536585,2.03,32067.96238,1658.60375977
Kuwait,KWT,2019,81.969756097561,2.087,31707.87374,1643.16491699
Kuwait,KWT,2020,78.7609756097561,2.273,25236.07558,1542.72143555
Latin America & Caribbean (excluding high income),LAC,2000,70.4525183195819,1.61100134953888,4290.895429,276.718444956662
Latin America & Caribbean (excluding high income),LAC,2010,73.1190309784384,2.00652544349378,8637.631715,627.712492654115
Latin America & Caribbean (excluding high income),LAC,2022,74.4897262626476,2.58485046274083,9111.349271,712.698532152493
Lao PDR,LAO,2000,58.317,0.279,318.7498522,14.10313892
Lao PDR,LAO,2004,60.08,0.346,409.2962983,16.23278809
Lao PDR,LAO,2005,60.688,0.267,466.061507,17.33082581
Lao PDR,LAO,2009,63.023,0.197,935.0323728,35.71521378
Lao PDR,LAO,2010,63.69,0.332,1125.916102,34.52460861
Lao PDR,LAO,2012,65.126,0.321,1563.565077,32.46548843
Lao PDR,LAO,2013,65.723,0.326,1812.517744,43.49770355
Lao PDR,LAO,2014,66.35,0.377,1981.039109,45.53330612
Lao PDR,LAO,2015,66.688,0.4,2121.013391,52.04236603
Lao PDR,LAO,2016,67.014,0.371,2303.22156,54.3762207
Lao PDR,LAO,2017,67.345,0.44,2432.430595,61.42248535
Lao PDR,LAO,2018,67.594,0.361,2545.107542,57.1708374
Lao PDR,LAO,2019,67.911,0.363,2589.32081,67.57865143
Lao PDR,LAO,2020,68.339,0.356,2583.777307,51.96581268
Lao PDR,LAO,2021,67.807,0.325,2526.05105,68.61697388
Lao PDR,LAO,2022,68.715,0.331,2046.404403,41.34779739
Lebanon,LBN,2001,74.354,2.614,4009.559298,416.57485962
Lebanon,LBN,2006,75.677,2.475,4635.251412,401.43670654
Lebanon,LBN,2007,76.732,2.309,5125.2581,438.71112061
Lebanon,LBN,2010,77.529,2.298,7625.810516,567.25506592
Lebanon,LBN,2011,77.768,2.675,7834.962571,640.69805908
Lebanon,LBN,2013,78.037,2.315,8162.379294,576.87176514
Lebanon,LBN,2014,78.148,2.045,7577.64133,569.97937012
Lebanon,LBN,2015,78.275,2.123,7714.11,572.07220459
Lebanon,LBN,2016,78.306,2.136,8089.012088,640.96563721
Lebanon,LBN,2017,78.192,2.242,8608.21085,671.77996826
Lebanon,LBN,2018,78.263,2.412,9174.536662,740.38696289
Lebanon,LBN,2019,78.208,2.611,8905.880055,798.13421631
Lebanon,LBN,2020,76.299,2.68,5561.19167,303.48632813
Liberia,LBR,2004,55.949,0.033,284.140224,16.7787571
Liberia,LBR,2008,58.675,0.013,451.7138563,26.30083656
Liberia,LBR,2009,59.106,0.023,448.386367,40.21982574
Liberia,LBR,2010,59.358,0.022,492.252808,40.8739624
Liberia,LBR,2015,59.248,0.036,692.5900824,68.89793396
Liberia,LBR,2016,60.483,0.049,714.6130631,67.68016052
Liberia,LBR,2017,60.777,0.051,699.2690957,67.8789978
Liberia,LBR,2018,60.999,0.14,692.2031271,68.88298798
Liberia,LBR,2019,61.232,0.145,658.1641808,51.1932373
Liberia,LBR,2020,61.267,0.151,616.787867,76.11009979
Liberia,LBR,2021,61.166,0.169,667.9661051,88.54867554
Liberia,LBR,2022,61.934,0.178,744.6171752,100.49607086
Libya,LBY,2004,71.21,1.232,5773.763332,200.83604431
Libya,LBY,2008,71.936,1.79,13906.14078,312.11196899
Libya,LBY,2009,72.071,1.886,9551.054039,342.20449829
Libya,LBY,2014,71.3,2.037,8926.420746,462.19216919
Libya,LBY,2015,71.644,1.861,7458.489178,433.06808472
Libya,LBY,2017,72.721,2.042,9965.832367,466.08538818
St. Lucia,LCA,2001,71.367,0.819,5570.452471,285.04898071
St. Lucia,LCA,2002,71.707,0.4391,5567.894284,299.7996521
St. Lucia,LCA,2003,72.188,0.4673,6058.606221,317.27593994
St. Lucia,LCA,2004,72.453,0.4203,6494.600349,309.42208862
St. Lucia,LCA,2005,72.544,0.508,6863.436419,333.37374878
St. Lucia,LCA,2010,72.768,1.679,8673.687203,438.23928833
St. Lucia,LCA,2011,72.962,1.845,9128.99442,462.20251465
St. Lucia,LCA,2012,72.86,2.19,9260.300066,456.06369019
St. Lucia,LCA,2013,72.687,2.497,9577.217338,485.6628418
St. Lucia,LCA,2014,72.676,1.901,10044.82184,470.48123169
St. Lucia,LCA,2016,72.552,5.672,10638.12694,479.8744812
St. Lucia,LCA,2017,72.522,6.245,11333.11238,504.96411133
St. Lucia,LCA,2018,72.655,6.367,11642.69847,497.48629761
St. Lucia,LCA,2019,72.249,6.168,11794.05972,506.03204346
St. Lucia,LCA,2020,72.308,4.234,8411.074749,589.63696289
Least developed countries: UN classification,LDC,2000,55.4008802649009,0.134704105794041,333.3638861,11.6065699848856
Least developed countries: UN classification,LDC,2010,61.0409945449626,0.190139468867876,831.5329546,32.9613213039757
Least developed countries: UN classification,LDC,2022,65.7632017862259,0.308365019188705,1299.361724,47.7666385033873
Sri Lanka,LKA,2000,71.179,0.413,860.1998843,42.54893112
Sri Lanka,LKA,2001,71.804,0.428,803.5440266,39.87185287
Sri Lanka,LKA,2004,68.022,0.522,1028.620681,49.14835358
Sri Lanka,LKA,2005,73.073,0.504,1207.219948,55.40001297
Sri Lanka,LKA,2006,72.825,0.505,1388.897391,63.2890892
Sri Lanka,LKA,2007,72.983,0.538,1578.634511,71.38779449
Sri Lanka,LKA,2008,72.556,0.605,1973.584769,90.00082397
Sri Lanka,LKA,2009,70.298,0.662,2026.6594,97.26274872
Sri Lanka,LKA,2010,74.463,0.703,2808.362445,105.07371521
Sri Lanka,LKA,2011,74.74,0.718,3224.957452,115.51642609
Sri Lanka,LKA,2012,75.187,0.742,3327.776137,110.03600311
Sri Lanka,LKA,2013,75.546,0.772,3739.431811,133.15968323
Sri Lanka,LKA,2014,75.757,0.807,3972.043757,132.82194519
Sri Lanka,LKA,2015,75.99,0.83,4057.715835,144.29077148
Sri Lanka,LKA,2016,76.136,0.856,4149.191908,145.32496643
Sri Lanka,LKA,2017,76.239,0.887,4398.888281,142.32518005
Sri Lanka,LKA,2018,76.485,0.958,4358.560959,154.64622498
Sri Lanka,LKA,2019,76.698,1.098,4081.947727,147.01193237
Sri Lanka,LKA,2020,76.928,1.167,3847.601377,159.71383667
Sri Lanka,LKA,2021,76.278,1.144,3996.9624,202.75497437
Low & middle income,LMY,2010,68.9548034984238,1.10101675963696,3394.262969,168.618614307328
Low & middle income,LMY,2022,71.6849259477066,1.4874939012268,5741.783819,316.043878156198
Lesotho,LSO,2003,44.921,0.045,583.2700362,32.02215576
Lesotho,LSO,2010,46.045,0.069,1119.475578,85.87903595
Lesotho,LSO,2018,54.638,0.457,1170.655697,130.93614197
Lesotho,LSO,2022,56.812,0.235,1030.125829,133.32562256
Late-demographic dividend,LTE,2000,71.2853076947069,1.51180361588823,1677.206553,88.51988529003
Late-demographic dividend,LTE,2010,74.7108209347901,1.75623626976471,6276.46199,327.100889944449
Late-demographic dividend,LTE,2022,76.954367313865,2.93965818365123,12286.08468,757.7803277233
Lithuania,LTU,2000,72.0195121951219,3.626,3300.636349,217.1761322
Lithuania,LTU,2001,71.6585365853659,3.628,3532.527874,218.81802368
Lithuania,LTU,2002,71.7609756097561,3.702,4148.130915,254.36688232
Lithuania,LTU,2003,72.0609756097561,3.669,5507.474342,338.86306763
Lithuania,LTU,2004,71.9609756097561,3.627,6734.574871,366.95968628
Lithuania,LTU,2005,71.2536585365854,3.721,7857.031488,438.93267822
Lithuania,LTU,2006,71.0560975609756,3.791,9210.101182,536.05737305
Lithuania,LTU,2007,70.9,3.884,12295.12128,704.29315186
Lithuania,LTU,2008,71.8121951219512,3.881,14955.53455,936.50933838
Lithuania,LTU,2009,72.9146341463415,3.854,11854.37111,864.73638916
Lithuania,LTU,2010,73.2682926829268,3.947,11829.12261,805.2244873
Lithuania,LTU,2011,73.5634146341464,4.097,14261.84338,925.47161865
Lithuania,LTU,2012,73.8634146341464,4.218,14288.18535,896.93707275
Lithuania,LTU,2013,73.9146341463415,4.276,15636.52526,958.04650879
Lithuania,LTU,2014,74.5170731707317,4.306,16446.16472,1019.7121582
Lithuania,LTU,2015,74.3219512195122,4.338,14269.80399,918.50750732
Lithuania,LTU,2016,74.6707317073171,4.466,14934.27028,986.13311768
Lithuania,LTU,2017,75.4804878048781,4.555,16800.15102,1073.95800781
Lithuania,LTU,2018,75.6804878048781,4.596,19247.23154,1241.38574219
Lithuania,LTU,2019,76.2829268292683,4.568,19608.79439,1361.20288086
Lithuania,LTU,2020,75.0292682926829,4.481,20428.64782,1511.79626465
Lithuania,LTU,2021,74.0365853658537,4.485,23870.45949,1844.33154297
Lithuania,LTU,2022,75.6439024390244,4.466,25085.78406,1831.27734375
Luxembourg,LUX,2000,77.8731707317073,2.151,48659.59888,2901.19995117
Luxembourg,LUX,2001,77.8243902439025,2.209,48440.14202,3109.20141602
Luxembourg,LUX,2002,77.9658536585366,2.256,53005.73392,3600.86743164
Luxembourg,LUX,2003,77.7268292682927,2.377,65689.32145,4607.40283203
Luxembourg,LUX,2004,79.1219512195122,2.422,76544.91709,5610.35351563
Luxembourg,LUX,2005,79.4317073170732,2.557,80988.13762,5818.14599609
Luxembourg,LUX,2006,79.2878048780488,2.605,90788.80049,6070.73583984
Luxembourg,LUX,2007,79.3829268292683,2.711,107475.3203,6671.26513672
Luxembourg,LUX,2008,80.5390243902439,2.716,120422.1379,7578.74951172
Luxembourg,LUX,2009,80.6365853658537,2.708,109419.747,7670.59375
Luxembourg,LUX,2010,80.6317073170732,2.771,110885.9914,7459.83544922
Luxembourg,LUX,2011,80.9878048780488,2.777,119025.0572,7174.73925781
Luxembourg,LUX,2012,81.3926829268293,2.807,112584.6763,6029.47460938
Luxembourg,LUX,2013,81.8,2.83,120000.1407,6356.64453125
Luxembourg,LUX,2014,82.2292682926829,2.882,123678.7021,6547.03466797
Luxembourg,LUX,2015,82.2926829268293,2.908,105462.0126,5421.93212891
Luxembourg,LUX,2016,82.6853658536585,2.884,106899.2935,5475.13964844
Luxembourg,LUX,2017,82.0951219512195,2.984,110193.2138,5713.11865234
Latvia,LVA,2000,70.3146341463415,2.879,3278.178964,181.57072449
Latvia,LVA,2001,70.7609756097561,2.686,3504.618295,205.02047729
Latvia,LVA,2002,70.9609756097561,2.788,4003.609358,237.29516602
Latvia,LVA,2003,71.2658536585366,2.83,4914.579928,280.50878906
Latvia,LVA,2004,72.0268292682927,2.916,6109.732652,393.29806519
Latvia,LVA,2005,71.3560975609756,2.959,7283.787381,440.8097229
Latvia,LVA,2006,70.8658536585366,3.028,9211.737447,552.30163574
Latvia,LVA,2007,71.019512195122,3.143,13370.97895,775.19146729
Latvia,LVA,2008,72.419512195122,3.233,15677.60809,913.52148438
Latvia,LVA,2009,73.0804878048781,3.153,11996.03227,744.66162109
Latvia,LVA,2010,73.4829268292683,3.107,11188.41917,689.07720947
Latvia,LVA,2011,73.5756097560976,3.134,12902.57405,764.59179688
Latvia,LVA,2012,73.7780487804878,3.144,13329.34999,745.51745605
Latvia,LVA,2013,73.9829268292683,3.19,14484.47153,807.13000488
Latvia,LVA,2014,74.1243902439024,3.216,15185.81458,856.76654053
Latvia,LVA,2015,74.4804878048781,3.197,13321.97531,775.86431885
Latvia,LVA,2016,74.580487804878,3.212,13838.52668,874.79772949
Latvia,LVA,2017,74.6292682926829,3.205,15132.49583,932.50158691
Latvia,LVA,2018,74.7829268292683,3.303,17252.17104,1101.49243164
Latvia,LVA,2019,75.3878048780488,3.267,17294.97516,1183.1151123
Latvia,LVA,2020,75.1853658536585,3.338,17564.23215,1313.35412598
Latvia,LVA,2021,72.9804878048781,3.356,20261.88878,1897.95275879
Latvia,LVA,2022,74.2780487804878,3.398,20221.10369,1642.47131348
Morocco,MAR,2001,67.2,0.483,1506.245239,56.55395889
Morocco,MAR,2004,68.272,0.534,2183.55542,91.17259979
Morocco,MAR,2007,69.62,0.586,2755.585938,131.86448669
Morocco,MAR,2009,70.454,0.646,3119.588623,165.50694275
Morocco,MAR,2013,72.117,0.631,3379.743164,179.81974792
Morocco,MAR,2014,72.522,0.913,3435.406982,188.6415863
Morocco,MAR,2017,73.608,0.734,3296.526611,166.8500061
Morocco,MAR,2021,73.385,0.74,3785.936279,209.57344055
Monaco,MCO,2011,85.01,7.375,179363.9842,8314.45996094
Monaco,MCO,2012,85.045,7.32,165444.6514,7869.89453125
Monaco,MCO,2013,85.056,8.107,184940.6638,8459.11328125
Monaco,MCO,2014,85.093,7.756,195693.5707,8691.6953125
Monaco,MCO,2018,86.084,8.298,188298.3157,7621.97021484
Monaco,MCO,2019,86.151,8.609,193746.7856,7517.25341797
Monaco,MCO,2020,86.089,8.609,176891.8865,7582.41552734
Moldova,MDA,2000,67.462,2.437,440.538684,21.37988663
Moldova,MDA,2001,67.672,2.291,507.4040763,25.3985939
Moldova,MDA,2002,67.793,2.33,570.7998662,33.9242363
Moldova,MDA,2003,67.9,2.326,682.319096,38.43836975
Moldova,MDA,2004,68.017,2.247,897.1784947,64.60713959
Moldova,MDA,2005,68.197,2.515,1034.391977,79.33213043
Moldova,MDA,2006,68.423,2.573,1183.024814,100.10816193
Moldova,MDA,2007,68.674,2.62,1531.216186,135.44366455
Moldova,MDA,2008,69,2.623,2110.553054,185.56115723
Moldova,MDA,2009,69.406,2.709,1898.439757,208.53004456
Moldova,MDA,2010,69.876,2.743,2436.799351,198.28894043
Moldova,MDA,2011,70.173,2.828,2941.362241,214.98246765
Moldova,MDA,2012,70.344,2.889,3044.808432,223.61895752
Moldova,MDA,2013,70.291,3.06,3321.043978,231.66229248
Moldova,MDA,2014,70.241,3.091,3289.957586,230.76982117
Moldova,MDA,2015,70.118,3.159,2749.551371,186.43643188
Moldova,MDA,2016,70.179,3.239,2847.087948,171.18476868
Moldova,MDA,2017,70.375,3.285,3453.267277,243.94540405
Moldova,MDA,2018,70.236,3.204,4156.44982,276.4697876
Moldova,MDA,2019,70.181,4.033,4405.334182,283.98425293
Moldova,MDA,2020,69.914,4.038,4375.778893,305.48913574
Moldova,MDA,2021,68.991,4.039,5274.605822,403.87823486
Moldova,MDA,2022,71.546,4.145,5744.296184,394.42373657
Madagascar,MDG,2001,58.674,0.087,319.2832782,13.13894939
Madagascar,MDG,2002,59.17,0.13,304.9417774,15.02957344
Madagascar,MDG,2003,59.693,0.141,352.6200958,17.64075851
Madagascar,MDG,2004,60.168,0.149,272.2007486,14.29298973
Madagascar,MDG,2005,60.664,0.172,305.8120749,15.9498682
Madagascar,MDG,2006,61.14,0.163,324.1468749,16.44085503
Madagascar,MDG,2007,61.533,0.173,419.5480014,19.33553123
Madagascar,MDG,2008,61.992,0.178,512.57980010000006,20.91898537
Madagascar,MDG,2009,62.304,0.173,446.3152384,19.56957817
Madagascar,MDG,2010,62.597,0.186,450.0093916,21.13975906
Madagascar,MDG,2011,62.86,0.137,506.1636916,22.88667488
Madagascar,MDG,2012,63.007,0.136,493.5111629,19.30151749
Madagascar,MDG,2013,63.161,0.146,515.3015894,19.33186913
Madagascar,MDG,2014,63.261,0.173,505.6849225,22.56570244
Madagascar,MDG,2018,63.491,0.195,500.4571855,21.12731934
Madagascar,MDG,2022,63.068,0.172,503.5145335,15.85809231
Maldives,MDV,2004,73.008,1.002,4070.260946,304.5932312
Maldives,MDV,2007,75.711,1.701,5758.102869,478.24349976
Maldives,MDV,2009,76.371,1.51,6734.031656,679.66296387
Maldives,MDV,2010,76.756,1.455,7173.596018,608.87176514
Maldives,MDV,2014,78.187,1.862,8939.074166,707.39245605
Maldives,MDV,2016,78.913,1.32,9947.807447,1017.99908447
Maldives,MDV,2017,79.228,1.894,10509.62881,961.57415771
Maldives,MDV,2018,79.433,1.862,11423.28384,833.21575928
Maldives,MDV,2019,79.707,2.235,11740.2724,880.79962158
"Middle East, North Africa, Afghanistan & Pakistan",MEA,2000,66.2225138150545,0.836872881639861,2220.384393,100.067455641548
"Middle East, North Africa, Afghanistan & Pakistan",MEA,2010,69.2105446964534,0.95570555441206,4867.929435,218.14772021924
"Middle East, North Africa, Afghanistan & Pakistan",MEA,2022,71.6917293154863,1.29878377722747,6430.535535,304.783955176052
Mexico,MEX,2000,72.562,1.631,7524.027138,319.34719849
Mexico,MEX,2001,72.912,1.519,7952.764795,364.39672852
Mexico,MEX,2002,73.106,1.529,7983.033984,385.61471558
Mexico,MEX,2003,73.308,1.58,7434.074649,411.83197021
Mexico,MEX,2004,73.432,1.655,7849.667596,446.13604736
Mexico,MEX,2005,73.627,1.768,8671.758919,483.97970581
Mexico,MEX,2006,73.746,1.886,9512.635753,514.29864502
Mexico,MEX,2007,73.796,1.929,10134.33271,558.06530762
Mexico,MEX,2008,73.695,1.957,10523.76854,573.11114502
Mexico,MEX,2009,73.628,1.987,8423.569332,492.59887695
Mexico,MEX,2010,73.718,2.007,9728.800784,534.08520508
Mexico,MEX,2011,73.921,2.109,10664.4944,565.31738281
Mexico,MEX,2012,74.128,2.12,10744.13352,582.48297119
Mexico,MEX,2013,74.289,2.164,11216.80085,625.59765625
Mexico,MEX,2014,74.404,2.237,11391.37735,609.82232666
Mexico,MEX,2015,74.431,2.34,10021.23861,553.91259766
Mexico,MEX,2016,74.376,2.345,9097.923977,489.92230225
Mexico,MEX,2017,74.261,2.409,9649.278168,512.54974365
Mexico,MEX,2018,74.301,2.456,10084.79376,528.26306152
Mexico,MEX,2019,74.53,2.46,10369.55536,549.72601318
Mexico,MEX,2020,70.449,2.425,8841.27075,535.11669922
Mexico,MEX,2021,69.75,2.541,10314.05067,606.13415527
Mexico,MEX,2022,73.973,2.588,11405.79405,650.97070313
Marshall Islands,MHL,2000,63.323,0.471,2264.791149,306.73342896
Marshall Islands,MHL,2007,64.259,0.596,2892.28404,485.01657104
Marshall Islands,MHL,2010,64.498,0.615,3095.45769,548.59899902
Marshall Islands,MHL,2011,64.641,0.636,3319.398154,376.39205933
Marshall Islands,MHL,2012,64.776,0.467,3514.265155,410.4979248
North Macedonia,MKD,2000,72.9463414634147,2.166,1861.898998,162.68013
North Macedonia,MKD,2001,73.4365853658537,2.158,1823.022677,150.4312439
North Macedonia,MKD,2002,73.0390243902439,2.204,1989.135373,172.87971497
North Macedonia,MKD,2003,73.2414634146342,2.137,2445.362864,214.29603577
North Macedonia,MKD,2004,73.5975609756098,2.152,2818.581456,230.68000793
North Macedonia,MKD,2005,73.6975609756098,2.102,3120.984014,229.81243896
North Macedonia,MKD,2006,73.8951219512195,2.483,3440.441106,242.60142517
North Macedonia,MKD,2007,73.8,2.427,4204.113288,263.25378418
North Macedonia,MKD,2008,74.4,2.59,5026.420299,313.61117554
North Macedonia,MKD,2009,74.4463414634146,2.603,4799.787228,297.88058472
North Macedonia,MKD,2010,74.9975609756098,2.701,4833.365868,308.09429932
North Macedonia,MKD,2011,75.1,2.769,5416.866729,335.13171387
North Macedonia,MKD,2012,74.9024390243903,2.839,5049.826539,317.978302
North Macedonia,MKD,2013,75.4,2.883,5626.261157,361.13168335
North Macedonia,MKD,2014,75.4512195121951,3.021,5925.385922,357.63867188
North Macedonia,MKD,2015,75.4024390243902,3.017,5262.686719,322.25213623
North Macedonia,MKD,2016,75.4,3.166,5598.486226,347.44271851
North Macedonia,MKD,2017,75.9536585365854,3.204,5955.297386,375.3303833
North Macedonia,MKD,2018,76.6487804878049,3.315,6713.989254,426.57290649
North Macedonia,MKD,2019,76.6024390243903,3.409,6718.858266,469.47344971
North Macedonia,MKD,2020,74.3951219512195,3.343,6659.596511,510.81011963
North Macedonia,MKD,2022,74.4248780487805,2.944,7606.237525,561.69281006
Mali,MLI,2000,50.605,0.044,304.6528702,14.00473022
Mali,MLI,2004,53.253,0.055,495.0062947,21.72010231
Mali,MLI,2005,53.792,0.06,548.7303828,23.97353554
Mali,MLI,2006,54.305,0.057,586.9854155,26.93190002
Mali,MLI,2007,54.756,0.06,670.853395,29.63545799
Mali,MLI,2008,55.187,0.063,767.194839,33.21391678
Mali,MLI,2009,55.588,0.116,787.4825643,34.64731598
Mali,MLI,2010,55.993,0.096,797.1515411,31.36436844
Mali,MLI,2011,56.367,0.111,938.2929026,31.67968369
Mali,MLI,2012,56.696,0.101,872.5060925,27.53120613
Mali,MLI,2013,57.052,0.113,901.9209576,30.06661987
Mali,MLI,2014,57.482,0.097,947.9150333,35.7261734
Mali,MLI,2015,57.852,0.094,838.1198694,28.97842216
Mali,MLI,2016,58.286,0.117,872.4685872,27.58086205
Mali,MLI,2017,58.562,0.113,924.0575317,28.49467659
Mali,MLI,2018,58.873,0.12,996.3792921,31.16962242
Mali,MLI,2022,60.035,0.191,976.9141164,31.0949192
Malta,MLT,2000,78.3487804878049,2.561,10348.48589,647.10150146
Malta,MLT,2001,78.8439024390244,3.031,10357.70259,685.98400879
Malta,MLT,2002,78.7390243902439,3.21,11251.20253,830.64630127
Malta,MLT,2003,78.5463414634146,3.072,13593.97872,1082.75085449
Malta,MLT,2004,79.2536585365854,3.369,15212.13134,1227.28881836
Malta,MLT,2005,79.3,3.404,15831.34405,1378.2388916
Malta,MLT,2006,79.4390243902439,3.764,16653.60369,1480.1126709
Malta,MLT,2007,79.7926829268293,3.253,19444.1742,1606.22094727
Malta,MLT,2008,79.6365853658537,3.279,22315.31042,1759.8626709
Malta,MLT,2009,80.2414634146342,2.987,21176.32183,1683.5435791
Malta,MLT,2010,81.3975609756098,3.026,21946.60696,1735.48693848
Malta,MLT,2011,80.7463414634146,3.107,23516.96912,1962.20556641
Malta,MLT,2012,80.7463414634146,3.237,22878.31309,1898.50866699
Malta,MLT,2013,81.7463414634146,3.421,25415.55669,2127.0612793
Malta,MLT,2014,81.8951219512195,3.604,27424.57656,2466.89111328
Malta,MLT,2015,81.7975609756098,3.676,25529.68133,2249.00463867
Malta,MLT,2016,82.3536585365854,3.828,26459.07709,2326.67016602
Malta,MLT,2017,82.1951219512195,3.965,30317.24432,2562.88574219
Malta,MLT,2018,82.2487804878049,3.972,33382.26775,2759.91186523
Malta,MLT,2019,82.6585365853659,4.026,32421.91798,2947.24023438
Malta,MLT,2020,82.0975609756098,4.164,31823.43639,3140.77026367
Malta,MLT,2021,82.2585365853659,4.294,38096.83607,3641.03833008
Malta,MLT,2022,82.2975609756098,4.513,35638.88695,3362.42382813
Myanmar,MMR,2000,60.357,0.302,196.6195806,4.47214985
Myanmar,MMR,2004,61.443,0.378,224.5088114,7.01517916
Myanmar,MMR,2005,61.72,0.392,252.6851931,7.65254498
Myanmar,MMR,2006,62.026,0.429,303.4950871,8.47415161
Myanmar,MMR,2007,62.367,0.453,419.3757807,9.91384029
Myanmar,MMR,2008,56.364,0.49,658.4424872,14.70817947
Myanmar,MMR,2009,63.095,0.504,758.4429358,18.70313454
Myanmar,MMR,2010,63.479,0.539,1010.534173,20.23270416
Myanmar,MMR,2011,63.859,0.568,1213.628987,27.40522575
Myanmar,MMR,2012,64.251,0.599,1202.665896,37.25568008
Myanmar,MMR,2016,65.64,0.638,1229.197135,59.67910385
Myanmar,MMR,2017,65.909,0.889,1272.822418,59.51782608
Myanmar,MMR,2018,66.232,0.696,1298.213103,60.83261871
Myanmar,MMR,2019,66.457,0.757,1425.989542,53.72147369
"Middle East, North Africa, Afghanistan & Pakistan (excluding high income)",MNA,2000,65.6368471519478,0.767982340767799,1247.472381,55.0209389217475
"Middle East, North Africa, Afghanistan & Pakistan (excluding high income)",MNA,2022,71.0055315443397,1.12862230709656,3015.755797,137.178960567695
Montenegro,MNE,2011,76.0829268292683,1.99,7265.516687,571.65600586
Montenegro,MNE,2012,76.3,2.014,6552.480717,535.16223145
Montenegro,MNE,2013,76.490243902439,2.129,7102.778829,597.17596436
Montenegro,MNE,2014,76.3390243902439,2.17,7342.173395,581.40106201
Montenegro,MNE,2015,76.6024390243903,2.372,6421.003073,582.18743896
Montenegro,MNE,2016,76.5414634146342,2.589,6968.015394,604.88665771
Montenegro,MNE,2017,76.6853658536585,2.675,7674.281394,623.68841553
Montenegro,MNE,2018,77.8853658536585,2.809,8673.591281,745.7520752
Montenegro,MNE,2019,76.6829268292683,2.792,8749.023752,754.77441406
Montenegro,MNE,2020,75.9317073170732,2.831,7538.53636,896.24884033
Montenegro,MNE,2021,73.8243902439024,2.878,9317.155201,1024.2565918
Montenegro,MNE,2022,76.1878048780488,2.808,10024.54356,1032.91149902
Mongolia,MNG,2000,63.2104878048781,2.647,476.0275508,28.13583946
Mongolia,MNG,2001,63.3917073170732,2.68,524.4534836,27.85225105
Mongolia,MNG,2002,63.540243902439,2.729,570.2492132,30.67812347
Mongolia,MNG,2003,63.5753658536585,2.632,643.1680689,27.18718147
Mongolia,MNG,2004,64.630243902439,2.592,794.154552,33.7024498
Mongolia,MNG,2005,65.2807317073171,2.648,994.9001091,38.04277039
Mongolia,MNG,2006,65.9021951219512,2.739,1329.891796,49.52784348
Mongolia,MNG,2007,66.5934146341464,2.813,1627.687877,66.17643738
Mongolia,MNG,2008,67.2460975609756,2.879,2127.426786,97.26833344
Mongolia,MNG,2009,67.9690243902439,2.679,1703.327568,76.7000351
Mongolia,MNG,2010,68.5056097560976,2.775,2625.218814,99.50933838
Mongolia,MNG,2011,69.109268292683,2.893,3736.042015,135.98664856
Mongolia,MNG,2012,69.500243902439,3.075,4328.890019,169.6519928
Mongolia,MNG,2013,70.0980487804878,3.125,4340.143105,180.41543579
Mongolia,MNG,2014,70.5831707317073,3.193,4126.239758,176.69651794
Mongolia,MNG,2015,70.810243902439,3.243,3838.92127,165.19296265
Mongolia,MNG,2016,70.2239024390244,3.289,3619.900264,168.41404724
Mongolia,MNG,2017,70.5434146341463,3.407,3645.967087,160.4889679
Mongolia,MNG,2018,70.8270731707317,3.526,4107.642885,188.64115906
Mongolia,MNG,2019,71.0531707317073,3.647,4347.546103,197.57131958
Mongolia,MNG,2020,71.3490243902439,3.778,4001.251931,188.77464294
Mongolia,MNG,2021,71.6451219512195,3.884,4517.61578,330.03753662
Mongolia,MNG,2022,71.9007317073171,4.13,4993.514875,448.24212646
Mozambique,MOZ,2000,49.476,0.024,327.1262398,7.00877714
Mozambique,MOZ,2004,51.855,0.026,400.0569732,14.12452602
Mozambique,MOZ,2006,52.748,0.026,457.4876478,18.05057144
Mozambique,MOZ,2009,54.4,0.047,547.6971442,27.68954468
Mozambique,MOZ,2010,55.04,0.05,496.1858394,26.26061249
Mozambique,MOZ,2011,55.733,0.054,618.1764929,30.42516136
Mozambique,MOZ,2012,56.46,0.056,685.6857482,35.24672699
Mozambique,MOZ,2013,57.189,0.058,686.5056725,41.5031395
Mozambique,MOZ,2017,60.148,0.077,470.9385631,36.75825882
Mozambique,MOZ,2018,60.79,0.085,517.5072603,41.29206467
Mozambique,MOZ,2019,61.306,0.086,519.0925509,41.01906586
Mozambique,MOZ,2020,61.39,0.084,462.4338765,34.92252731
Mozambique,MOZ,2021,60.268,0.082,509.9078295,44.09894943
Mozambique,MOZ,2022,63.011,0.175,578.2516638,47.69813538
Mauritania,MRT,2004,63.369,0.109,823.5544571,31.47280884
Mauritania,MRT,2009,65.485,0.136,1435.430108,44.64679718
Mauritania,MRT,2010,65.661,0.161,1659.963697,43.759655
Mauritania,MRT,2014,66.207,0.162,1713.008653,59.39431381
Mauritania,MRT,2015,66.498,0.175,1554.948979,57.1233139
Mauritania,MRT,2017,67.088,0.188,1615.004013,55.22446442
Mauritania,MRT,2018,67.419,0.196,1722.935289,49.68307495
Mauritania,MRT,2019,67.64,0.201,1767.072711,54.63365555
Mauritania,MRT,2020,66.794,0.203,1795.764596,53.89974594
Mauritania,MRT,2021,66.762,0.219,1947.789184,73.6309433
Mauritania,MRT,2022,68.281,0.261,1960.352401,91.54125977
Mauritius,MUS,2000,71.6634146341463,0.888,3981.983432,115.89820862
Mauritius,MUS,2001,71.7658536585366,0.903,3908.556949,116.36106873
Mauritius,MUS,2002,71.9658536585366,0.961,4073.060531,132.38633728
Mauritius,MUS,2003,72.1170731707317,0.944,4858.265755,157.68417358
Mauritius,MUS,2004,72.2658536585366,1.043,5460.608002,184.74328613
Mauritius,MUS,2005,72.4321951219512,1.068,5354.029743,192.13858032
Mauritius,MUS,2006,72.4321951219512,1.108,5784.224919,203.24180603
Mauritius,MUS,2007,72.5707317073171,1.123,6677.349624,229.2313385
Mauritius,MUS,2008,72.5707317073171,1.138,8140.508086,312.88540649
Mauritius,MUS,2009,72.8824390243903,1.153,7426.886456,301.67260742
Mauritius,MUS,2010,72.9673170731707,1.169,8113.176707,357.17382813
Mauritius,MUS,2011,73.2668292682927,1.407,9324.242323,385.76248169
Mauritius,MUS,2012,73.8634146341464,1.336,9421.525141,387.1026001
Mauritius,MUS,2013,74.0170731707317,1.585,9877.13866,440.00280762
Mauritius,MUS,2014,74.1943902439024,1.88,10490.33156,544.44122314
Mauritius,MUS,2015,74.3531707317073,1.973,9630.543784,515.72247314
Mauritius,MUS,2016,74.3948780487805,2.144,10095.12256,540.39239502
Mauritius,MUS,2017,74.5146341463415,2.268,10986.70341,594.86120605
Mauritius,MUS,2018,74.4163414634146,1.858,11818.74806,640.62182617
Mauritius,MUS,2019,74.2358536585366,2.558,11568.25334,639.18286133
Mauritius,MUS,2020,74.1770731707317,2.689,9135.847738,541.95184326
Mauritius,MUS,2022,73.5146341463415,1.436,10246.50175,590.91522217
Malawi,MWI,2003,49.601,0.021,383.3485969,12.3155899
Malawi,MWI,2004,51.073,0.021,404.6742484,15.94395351
Malawi,MWI,2008,55.715,0.018,554.0488204,32.73482132
Malawi,MWI,2009,56.714,0.018,625.8697299,35.56456757
Malawi,MWI,2013,60.816,0.012,496.9473683,39.54008484
Malawi,MWI,2016,63.163,0.031,450.5061055,34.0307579
Malawi,MWI,2018,64.464,0.15,533.2025672,36.70302963
Malawi,MWI,2020,65.216,0.049,602.5074782,42.37881851
Malawi,MWI,2022,66.037,0.054,604.2697404,40.03453827
Malaysia,MYS,2000,72.732,0.68,4083.528745,111.8384552
Malaysia,MYS,2001,73.08,0.686,3943.799439,114.91710663
Malaysia,MYS,2002,73.469,0.724,4184.031638,121.61391449
Malaysia,MYS,2003,73.727,0.737,4465.321946,142.21202087
Malaysia,MYS,2004,74.027,0.722,4939.248519,153.86297607
Malaysia,MYS,2005,74.37,0.778,5555.5818,162.17677307
Malaysia,MYS,2006,74.697,0.83,6158.407855,200.54800415
Malaysia,MYS,2007,74.961,0.879,7168.930319,230.5599823
Malaysia,MYS,2008,75.151,0.911,8371.821561,263.67819214
Malaysia,MYS,2009,75.269,1.086,7191.432872,245.64353943
Malaysia,MYS,2010,75.376,1.151,8899.345055,285.64263916
Malaysia,MYS,2011,75.488,1.255,10217.10686,343.45877075
Malaysia,MYS,2012,75.552,1.305,10600.57442,371.76046753
Malaysia,MYS,2013,75.464,1.555,10713.64076,381.69210815
Malaysia,MYS,2014,75.345,1.484,11013.31073,414.4392395
Malaysia,MYS,2015,75.288,1.489,9648.679794,368.77331543
Malaysia,MYS,2016,75.371,1.576,9476.534098,350.71160889
Malaysia,MYS,2017,75.542,1.787,9862.548066,366.36639404
Malaysia,MYS,2018,75.734,1.858,10901.802,409.84710693
Malaysia,MYS,2019,75.9,2.021,10920.19176,419.32568359
Malaysia,MYS,2020,76.057,2.183,9957.526267,406.52005005
Malaysia,MYS,2021,73.917,2.268,10903.10375,476.94366455
Malaysia,MYS,2022,75.444,2.29,11754.56783,458.21963501
Namibia,NAM,2004,52.175,0.308,3403.154962,373.46408081
Namibia,NAM,2007,54.026,0.383,4379.043137,493.60388184
Namibia,NAM,2017,61.661,0.567,5143.960723,447.95223999
Namibia,NAM,2018,62.579,0.335,5308.608134,457.6807251
Namibia,NAM,2019,63.546,0.368,4731.921032,419.14828491
Namibia,NAM,2020,64.071,0.38,3878.58983,370.81643677
Namibia,NAM,2021,60.85,0.42,4412.835569,449.95172119
Namibia,NAM,2022,64.19,0.553,4349.799085,418.53683472
Niger,NER,2002,50.645,0.033,225.2943911,10.84433079
Niger,NER,2004,52.402,0.022,283.4682818,14.06374931
Niger,NER,2008,55.852,0.019,475.0449554,24.86141586
Niger,NER,2009,56.487,0.028,461.131534,24.54927635
Niger,NER,2012,57.987,0.053,528.5101045,22.71487427
Niger,NER,2013,58.364,0.051,552.1033344,24.61338997
Niger,NER,2014,58.693,0.027,565.3098973,25.09494019
Niger,NER,2015,58.85,0.032,485.6625742,25.96905327
Niger,NER,2016,59.228,0.033,502.7064754,22.68474007
Niger,NER,2017,59.524,0.022,521.80413,29.09627533
Niger,NER,2018,59.765,0.037,578.5680357,30.61364555
Niger,NER,2019,60.031,0.039,561.6913043,31.89424324
Niger,NER,2020,59.89,0.035,579.5124958,35.75537109
Niger,NER,2022,60.398,0.028,609.7451476,26.50681686
Nigeria,NGA,2000,47.143,0.269,547.3182989,17.15887642
Nigeria,NGA,2003,48.618,0.255,763.3887454,37.91439438
Nigeria,NGA,2005,49.538,0.27,1211.377035,52.24337006
Nigeria,NGA,2006,49.876,0.333,1599.538916,63.63072205
Nigeria,NGA,2007,50.381,0.361,1815.526975,66.90659332
Nigeria,NGA,2008,50.748,0.359,2154.105435,77.45053101
Nigeria,NGA,2009,51.08,0.36,1820.486339,65.71811676
Nigeria,NGA,2013,51.827,0.363,2872.790834,97.29588318
Nigeria,NGA,2016,52.189,0.428,2070.412734,75.52328491
Nigeria,NGA,2018,52.669,0.364,2057.879446,63.60244751
Nigeria,NGA,2019,53.009,0.356,3189.812865,67.6254425
Nigeria,NGA,2021,53.455,0.386,2787.487792,81.87322235
Nigeria,NGA,2022,54.079,0.386,2899.160475,89.62958527
Nicaragua,NIC,2003,68.749,0.392,1021.352167,62.13036346
Nicaragua,NIC,2005,70.374,0.509,1183.30214,73.65701294
Nicaragua,NIC,2006,70.958,0.501,1248.173716,79.3536377
Nicaragua,NIC,2007,71.197,0.535,1350.381458,93.93821716
Nicaragua,NIC,2008,71.404,0.659,1523.684371,109.20231628
Nicaragua,NIC,2009,71.499,0.714,1467.082881,112.75749207
Nicaragua,NIC,2010,71.761,0.739,1526.56707,117.70147705
Nicaragua,NIC,2011,72.033,0.825,1679.711921,125.13540649
Nicaragua,NIC,2012,72.435,0.872,1784.69836,133.64489746
Nicaragua,NIC,2013,72.551,0.91,1835.439964,140.20372009
Nicaragua,NIC,2014,72.792,0.906,1958.370476,156.22232055999999
Nicaragua,NIC,2015,72.899,0.942,2074.456206,165.18948364
Nicaragua,NIC,2016,73.18,0.965,2131.687048,171.5748291
Nicaragua,NIC,2017,73.389,1,2182.61381,181.75810242
Nicaragua,NIC,2018,73.879,0.682,2035.165494,172.9760437
Netherlands,NLD,2000,77.9878048780488,2.423,26225.16977,2028.18139648
Netherlands,NLD,2001,78.190243902439,2.494,26955.7128,2175.73046875
Netherlands,NLD,2002,78.2926829268293,2.553,29446.53309,2544.81347656
Netherlands,NLD,2003,78.4926829268293,2.594,35896.75046,3244.35644531
Netherlands,NLD,2004,79.0951219512195,2.625,40611.34144,3689.46435547
Netherlands,NLD,2005,79.3463414634146,2.684,42165.39617,3823.48095703
Netherlands,NLD,2006,79.6975609756098,2.77,45123.54324,4080.21972656
Netherlands,NLD,2007,80.0975609756098,2.768,52100.79963,4696.14160156
Netherlands,NLD,2008,80.2512195121951,2.844,58246.70269,5382.44580078
Netherlands,NLD,2009,80.5487804878049,2.896,53172.02616,5282.74316406
Netherlands,NLD,2010,80.7024390243902,2.936,51305.73385,5191.69384766
Netherlands,NLD,2011,81.2048780487805,3.103,54701.7728,5562.12109375
Netherlands,NLD,2012,81.1048780487805,3.223,50473.9442,5284.64990234
Netherlands,NLD,2013,81.3048780487805,3.282,52602.28605,5532.72607422
Netherlands,NLD,2014,81.7073170731707,3.392,53457.22349,5601.88574219
Netherlands,NLD,2015,81.509756097561,3.457,45793.81354,4676.56201172
Netherlands,NLD,2016,81.5609756097561,3.501,46808.52915,4644.02099609
Netherlands,NLD,2017,81.7609756097561,3.565,49513.68173,4934.57519531
Netherlands,NLD,2018,81.8121951219512,3.632,53955.077,5330.66015625
Netherlands,NLD,2019,82.1121951219512,3.713,53554.90075,5340.61279297
Netherlands,NLD,2020,81.3585365853659,3.805,53467.92774,5865.90527344
Netherlands,NLD,2021,81.309756097561,3.875,60141.98809,6718.88964844
Netherlands,NLD,2022,81.6146341463415,3.876,59123.31856,5967.90429688
Norway,NOR,2000,78.6341463414634,3.38,38178.23688,2948.93164063
Norway,NOR,2001,78.7853658536585,3.54,38601.89764,3099.00341797
Norway,NOR,2002,78.9878048780488,3.218,43170.55717,3889.95947266
Norway,NOR,2003,79.390243902439,3.23,50250.32982,4632.56835938
Norway,NOR,2004,79.8414634146342,3.401,57768.6981,5097.34423828
Norway,NOR,2005,80.0414634146342,3.563,67047.17046,5584.68896484
Norway,NOR,2006,80.3439024390244,3.732,74434.49968,5892.98730469
Norway,NOR,2007,80.3951219512195,3.844,85502.26771,6895.56005859
Norway,NOR,2008,80.5926829268293,3.955,97503.54078,7768.05029297
Norway,NOR,2009,80.7951219512195,4.048,80347.57007,7301.95996094
Norway,NOR,2010,80.9975609756098,4.114,88163.20859,7859.51611328
Norway,NOR,2011,81.2951219512195,4.188,101221.8135,8900.37207031
Norway,NOR,2012,81.4512195121951,4.232,102175.9193,8970.11914063
Norway,NOR,2013,81.7512195121951,4.306,103553.8401,9241.265625
Norway,NOR,2014,82.1,4.429,97666.69518,9116.37792969
Norway,NOR,2015,82.3048780487805,4.091,74809.9658,7566.56152344
Norway,NOR,2016,82.4073170731707,4.22,70867.361,7492.07666016
Norway,NOR,2017,82.609756097561,4.346,76131.8384,7815.78710938
Norway,NOR,2018,82.7585365853659,4.466,82792.84271,8271.859375
Norway,NOR,2019,82.9585365853659,4.578,76430.58895,8007.35546875
Norway,NOR,2020,83.209756097561,4.682,68340.0181,7824.57714844
Norway,NOR,2021,83.1634146341463,4.768,93072.89251,9163.13867188
Norway,NOR,2022,82.509756097561,4.908,109269.5206,8692.57617188
Nepal,NPL,2001,63.288,0.052,240.7951145,10.26854038
Nepal,NPL,2004,64.744,0.207,279.58775,12.92468262
Nepal,NPL,2012,67.364,0.506,788.2029371,33.64963913
Nepal,NPL,2013,67.598,0.55,803.2695954,35.14327621
Nepal,NPL,2017,68.74,0.681,1034.283749,49.63085556
Nepal,NPL,2018,69.036,0.749,1179.198432,51.16546249
Nepal,NPL,2019,69.299,0.815,1203.142947,53.61107254
Nepal,NPL,2020,69.106,0.857,1154.215176,59.07941437
Nepal,NPL,2021,68.385,0.884,1252.750767,69.1880188
Nauru,NRU,2004,59.346,0.99,3040.513499,216.23666382
Nauru,NRU,2008,59.675,1,3756.845312,809.65649414
Nauru,NRU,2009,59.852,1,4410.567647,575.39526367
Nauru,NRU,2010,60.074,1.1,4735.920005,626.21124268
Nauru,NRU,2011,60.287,1.386,6444.036421,672.27624512
Nauru,NRU,2015,60.897,1.273,7747.25585,973.30883789
New Zealand,NZL,2000,78.6365853658537,2.233,13641.10272,1054.28100586
New Zealand,NZL,2001,78.6926829268293,2.182,13882.85683,1053.73632813
New Zealand,NZL,2002,78.8463414634146,2.124,16874.18749,1250.12634277
New Zealand,NZL,2003,79.1463414634146,2.177,21913.70817,1610.73034668
New Zealand,NZL,2004,79.5487804878049,2.19,25420.23488,1981.9720459
New Zealand,NZL,2005,79.8512195121951,2.105,27751.06547,2295.37182617
New Zealand,NZL,2006,80.0487804878049,2.273,26654.5932,2304.06518555
New Zealand,NZL,2007,80.1512195121951,2.298,32479.98174,2705.66430664
New Zealand,NZL,2008,80.3512195121951,2.463,31324.7398,2708.65625
New Zealand,NZL,2009,80.7024390243902,2.58,28276.72554,2582.28100586
New Zealand,NZL,2010,80.9048780487805,2.625,33761.90096,3072.73608398
New Zealand,NZL,2011,81.1560975609756,2.655,38431.77668,3501.22045898
New Zealand,NZL,2012,81.4073170731707,2.713,40053.69915,3682.94213867
New Zealand,NZL,2013,81.4048780487805,2.822,43000.46468,3833.82226563
New Zealand,NZL,2014,81.4568292682927,2.889,44618.26697,3997.43237305
New Zealand,NZL,2015,81.6124390243903,3.031,38665.3723,3433.59643555
New Zealand,NZL,2016,81.6585365853659,3.115,40113.71954,3516.93481445
New Zealand,NZL,2017,81.8585365853659,3.253,42950.38417,3702.09985352
New Zealand,NZL,2018,81.7073170731707,3.311,43257.07692,3706.80273438
New Zealand,NZL,2019,82.0560975609756,3.37,42855.83186,3679.59692383
New Zealand,NZL,2020,82.2560975609756,3.442,41997.78303,3887.71264648
New Zealand,NZL,2021,82.2073170731707,3.531,49950.42517,4749.04199219
New Zealand,NZL,2022,81.9585365853658,3.611,49099.70904,5138.33789063
Oman,OMN,2000,73.643,1.428,9753.847552,261.88265991
Oman,OMN,2001,73.979,1.47,9611.963602,259.59085083
Oman,OMN,2002,74.276,1.513,9869.130502,274.11166382
Oman,OMN,2003,74.521,1.576,10463.54258,290.38589478
Oman,OMN,2004,74.82,1.61,11800.85074,306.42941284
Oman,OMN,2005,75.07,1.7,14434.85779,326.909729
Oman,OMN,2006,75.354,1.821,16930.85651,341.97601318
Oman,OMN,2007,75.596,1.91,18792.65377,397.21173096
Oman,OMN,2008,76.124,1.978,26576.77924,466.60375977
Oman,OMN,2009,76.631,2.072,20655.91802,510.08691406
Oman,OMN,2010,77.184,2.126,23570.17981,583.57073975
Oman,OMN,2011,77.74,2.057,25188.00742,563.23632813
Oman,OMN,2012,78.187,1.989,24642.29788,561.1171875
Oman,OMN,2013,78.633,2.001,23458.02338,587.71075439
Oman,OMN,2014,79.03,2.162,23160.65023,726.64660645
Oman,OMN,2015,79.346,2.13,18808.30779,767.04455566
Oman,OMN,2016,79.581,1.964,17110.18975,714.48864746
Oman,OMN,2017,79.748,2.013,17820.06618,704.6295166
Oman,OMN,2018,79.864,2.104,19901.76156,639.78082275
Oman,OMN,2019,79.946,2.091,19180.186420000002,730.08325195
Oman,OMN,2020,77.763,2.003,16784.86306,859.24987793
Oman,OMN,2021,75.969,2.006,19403.46002,843.01953125
Oman,OMN,2022,77.911,1.992,23223.58294,712.06097412
Other small states,OSS,2000,66.4385365444731,1.41918708617506,4847.450333,319.910678357728
Other small states,OSS,2010,69.566524844548,1.39755160111887,10149.56326,693.761529237095
Other small states,OSS,2022,72.9062214171014,1.82890468087854,14320.77068,1117.93956877042
Pakistan,PAK,2000,61.903,0.593,642.3383465,15.36755657
Pakistan,PAK,2001,62.241,0.604,609.9395069,13.41587162
Pakistan,PAK,2004,63.097,0.679,771.9022473,15.53542328
Pakistan,PAK,2005,62.416,0.72,827.6198612,19.58962631
Pakistan,PAK,2007,63.807,0.693,998.0901142,26.14198685
Pakistan,PAK,2008,64.002,0.707,1067.043246,24.34272766
Pakistan,PAK,2009,64.206,0.718,963.7880664,23.14643288
Pakistan,PAK,2010,64.378,0.727,987.3045711,23.62846184
Pakistan,PAK,2011,64.659,0.748,1131.735138,25.02491379
Pakistan,PAK,2012,64.883,0.775,1204.364755,25.59742928
Pakistan,PAK,2013,65.129,0.795,1225.434012,28.20998955
Pakistan,PAK,2014,65.374,0.818,1266.613408,32.11787415
Pakistan,PAK,2015,65.641,0.85,1380.470208,33.99359894
Pakistan,PAK,2016,65.943,0.89,1424.691612,36.46934128
Pakistan,PAK,2017,66.223,0.932,1519.234595,42.07228851
Pakistan,PAK,2018,66.481,0.917,1569.338146,40.09578323
Pakistan,PAK,2019,66.729,1.049,1390.41691,36.01374817
Pakistan,PAK,2021,65.773,1.16,1455.319224,42.79639816
Panama,PAN,2001,73.82,1.252,3991.776721,296.75146484
Panama,PAN,2002,74.195,1.343,4090.586165,308.58657837
Panama,PAN,2003,74.567,1.348,4264.664289,303.45755005
Panama,PAN,2004,74.845,1.329,4644.565812,344.4079895
Panama,PAN,2005,75.16,1.355,5017.741104,323.0513916
Panama,PAN,2006,75.429,1.356,5528.767059,370.62973022
Panama,PAN,2007,75.675,1.309,6317.817305,472.08703613
Panama,PAN,2008,75.937,1.387,7347.59049,506.78494263
Panama,PAN,2009,76.228,1.315,7796.926184,550.80755615
Panama,PAN,2010,76.417,1.411,8331.464223,607.42242432
Panama,PAN,2011,76.659,1.503,9662.295909,664.97564697
Panama,PAN,2012,76.877,1.603,11064.80637,725.01544189
Panama,PAN,2013,77.129,1.586,12273.3225,805.78985596
Panama,PAN,2014,77.365,1.588,13213.19896,919.2946167
Panama,PAN,2015,77.583,1.579,14082.65484,982.06530762
Panama,PAN,2016,77.772,1.573,14832.36117,1056.68481445
Panama,PAN,2017,77.901,1.589,15694.62975,1126.96154785
Panama,PAN,2018,78.266,1.609,16151.32734,1227.30554199
Panama,PAN,2019,78.514,1.637,16477.90663,1339.45153809
Panama,PAN,2020,76.33,1.63,13290.56084,1358.4498291
Panama,PAN,2021,77.004,1.737,15509.80691,1417.1541748
Panama,PAN,2022,79.324,1.625,17378.607,1572.93017578
Peru,PER,2007,72.746,1.653,3581.089308,158.55148315
Peru,PER,2009,72.631,0.944,4181.187555,209.1973877
Peru,PER,2012,73.979,1.139,6519.37853,309.31439209
Peru,PER,2016,75.951,1.307,6217.036,311.33517456
Peru,PER,2018,76.018,1.373,6978.491215,362.75994873
Peru,PER,2019,76.275,1.354,7037.008037,367.98739624
Peru,PER,2020,73.832,1.436,6133.325524,399.13800049
Peru,PER,2021,71.596,1.673,6826.202556,455.3560791
Peru,PER,2022,76.834,1.649,7350.630343,445.10473633
Philippines,PHL,2000,67.789,1.194,1050.792731,32.10300446
Philippines,PHL,2001,67.829,1.194,969.5306117,27.60987473
Philippines,PHL,2002,67.886,1.088,1014.908793,26.76997948
Philippines,PHL,2003,68.049,1.201,1027.230119,31.60413551
Philippines,PHL,2004,68.301,1.086,1099.63013,33.50411606
Philippines,PHL,2005,68.423,1.205,1220.460186,45.67607498
Philippines,PHL,2006,68.172,1.214,1426.146492,53.87452698
Philippines,PHL,2007,68.549,1.221,1712.655433,64.27903748
Philippines,PHL,2008,68.643,1.232,1959.292335,75.69056702
Philippines,PHL,2009,68.631,1.237,1864.450434,77.64539337
Philippines,PHL,2010,68.883,0.543,2162.913759,89.35166931
Philippines,PHL,2011,69.096,0.554,2383.918925,95.95716095
Philippines,PHL,2012,69.237,0.564,2614.616444,109.2149353
Philippines,PHL,2013,69.283,0.574,2781.279577,118.87432098
Philippines,PHL,2014,69.311,0.589,2866.838038,106.16293335
Philippines,PHL,2015,69.45,0.609,2909.85818,113.4342804
Philippines,PHL,2016,69.49,0.631,2985.19564,118.05981445
Philippines,PHL,2017,69.966,0.66,3038.12125,120.32259369
Philippines,PHL,2018,69.761,0.695,3168.510366,125.27716827
Philippines,PHL,2019,69.68,0.732,3400.789498,141.6925354
Philippines,PHL,2020,70.097,0.752,3227.579102,166.61218262
Philippines,PHL,2021,66.675,0.792,3484.385939,208.192276
Palau,PLW,2006,66.633,1.327,9881.659707,852.00756836
Palau,PLW,2009,67.99,1.551,10147.77411,947.12615967
Palau,PLW,2010,68.347,1.576,10221.91638,1093.30786133
Palau,PLW,2014,69.062,1.412,13863.45442,1481.35656738
Palau,PLW,2017,69.019,1.91,16401.78476,1775.32849121
Palau,PLW,2018,68.989,1.573,16166.96711,1809.22070313
Palau,PLW,2019,68.982,2.191,15846.79685,1928.91564941
Palau,PLW,2020,68.689,1.798,14708.21195,1938.33837891
Palau,PLW,2021,68.563,2.809,13009.24816,1931.31152344
Palau,PLW,2022,68.922,2.472,13729.76028,2077.734375
Papua New Guinea,PNG,2000,61.609,0.05,635.957919,18.84121323
Papua New Guinea,PNG,2008,62.511,0.046,1624.793199,34.69308472
Papua New Guinea,PNG,2010,63.056,0.049,1866.868899,39.3453064
Papua New Guinea,PNG,2018,65.114,0.064,2566.368337,59.04003525
Papua New Guinea,PNG,2019,65.331,0.06,2575.772741,59.89566803
Papua New Guinea,PNG,2021,64.358,0.063,2607.578619,61.02529907
Poland,POL,2000,73.7487804878049,2.223,4520.641004,238.00448608
Poland,POL,2001,74.2,2.267,5015.2379,282.8210144
Poland,POL,2002,74.4975609756098,2.304,5223.45179,315.83145142
Poland,POL,2003,74.5975609756098,2.434,5720.813662,339.33520508
Poland,POL,2004,74.8463414634146,2.291,6711.727153,392.00338745
Poland,POL,2005,74.9951219512195,2.14,8043.923323,465.70019531
Poland,POL,2006,75.1439024390244,2.183,9068.855283,524.09747314
Poland,POL,2007,75.2439024390244,2.197,11272.52937,660.92468262
Poland,POL,2008,75.5439024390244,2.169,14048.56047,892.59698486
Poland,POL,2009,75.6951219512195,2.179,11556.30269,759.60577393
Poland,POL,2010,76.2463414634146,2.184,12567.73177,809.19940186
Poland,POL,2011,76.6951219512195,2.204,13867.66694,866.09466553
Poland,POL,2012,76.7463414634146,2.223,13087.42094,815.1418457
Poland,POL,2013,77,2.228,13621.90238,878.08837891
Poland,POL,2014,77.6024390243903,2.292,14262.28419,911.29815674
Poland,POL,2015,77.4512195121951,2.311,12637.52203,803.95965576
Poland,POL,2016,77.8512195121951,2.397,12464.01105,816.08618164
Poland,POL,2017,77.7536585365854,2.36,13913.34029,909.57818604
Poland,POL,2018,77.6024390243903,2.341,15658.21203,978.73565674
Poland,POL,2019,77.9048780487805,3.279,15874.52205,1014.03820801
Poland,POL,2020,76.4,3.303,16150.93048,1025.98486328
Poland,POL,2021,75.3512195121951,3.415,18635.51049,1183.30236816
Poland,POL,2022,77.1560975609756,3.424,18891.21212,1219.29125977
Pre-demographic dividend,PRE,2000,51.7516392189578,0.174684606300287,503.5626413,16.3626839973713
Pre-demographic dividend,PRE,2010,57.1221147404173,0.191266513031363,1421.489051,53.8811058780906
Pre-demographic dividend,PRE,2022,61.3833052969468,0.264731280529343,1770.15579,68.618036868196
Portugal,PRT,2000,76.3146341463415,3.207,11526.37207,995.34210205
Portugal,PRT,2001,76.8146341463415,3.258,11734.76497,1015.54956055
Portugal,PRT,2002,77.0658536585366,3.291,12936.69282,1139.4029541
Portugal,PRT,2003,77.219512195122,3.342,15797.78213,1443.37792969
Portugal,PRT,2004,77.6707317073171,3.417,18064.15809,1723.74401855
Portugal,PRT,2005,78.0707317073171,3.502,18780.12751,1814.35449219
Portugal,PRT,2006,78.419512195122,3.572,19839.45405,1857.64526367
Portugal,PRT,2007,78.3219512195122,3.657,22811.05648,2112.52880859
Portugal,PRT,2008,78.5243902439025,3.752,24949.04136,2391.98120117
Portugal,PRT,2009,78.7268292682927,3.858,23151.21541,2346.54199219
Portugal,PRT,2010,79.0268292682927,3.982,22551.9351,2259.30371094
Portugal,PRT,2011,80.4707317073171,4.123,23246.54254,2255.96923828
Portugal,PRT,2012,80.3731707317073,4.241,20593.42742,1976.91479492
Portugal,PRT,2013,80.7219512195122,4.399,21676.48596,2027.42089844
Portugal,PRT,2014,81.1219512195122,4.562,22120.68501,2056.61474609
Portugal,PRT,2015,81.1243902439025,4.748,19215.7813,1787.03759766
Portugal,PRT,2016,81.1243902439025,4.93,19980.280890000002,1870.31848145
Portugal,PRT,2017,81.4243902439025,5.103,21442.38428,1991.32263184
Portugal,PRT,2018,81.3243902439024,5.276,23541.14011,2206.71240234
Portugal,PRT,2019,81.6756097560976,5.422,23343.3629,2209.50219727
Portugal,PRT,2020,81.3292682926829,5.576,22299.40441,2328.35571289
Portugal,PRT,2021,81.3780487804878,5.711,24711.45101,2764.04296875
Portugal,PRT,2022,81.6317073170732,5.851,24620.51976,2600.56665039
Paraguay,PRY,2000,70.026,1.17,1736.117292,104.49077606
Paraguay,PRY,2002,70.539,1.208,1367.765069,65.0742569
Paraguay,PRY,2012,73.105,1.391,5642.169917,368.7868042
Paraguay,PRY,2018,73.627,1.466,6258.449916,422.13101196
Paraguay,PRY,2020,72.72,1.296,5365.472207,411.81765747
Paraguay,PRY,2021,68.108,3.252,5976.931798,480.11322021
Paraguay,PRY,2022,72.319,3.893,6205.625954,480.02862549
West Bank and Gaza,PSE,2001,69.75,0.837,1335.553195,127.37930298
West Bank and Gaza,PSE,2017,75.216,1.774,3620.360487,310.2114563
West Bank and Gaza,PSE,2018,75.38,2.168,3562.330943,324.02166748
Pacific island small states,PSS,2000,66.8914832838297,0.354085182664357,1686.605704,82.6006911322602
Pacific island small states,PSS,2010,67.9059171883101,0.345272246559031,2900.929194,151.415096684753
Post-demographic dividend,PST,2000,77.3513756471437,2.6793332889314,25890.89864,2477.35256407878
Post-demographic dividend,PST,2010,79.6785405516336,3.14970989539366,39801.86411,4725.59187383918
Post-demographic dividend,PST,2022,80.1924721633692,3.71573160058024,50969.80164,7086.3586084443205
Qatar,QAT,2001,75.486,2.217,25870.79919,598.73602295
Qatar,QAT,2005,76.909,2.605,53949.67641,1386.015625
Qatar,QAT,2006,77.323,2.378,62582.44531,1378.9296875
Qatar,QAT,2008,78.262,3.231,80781.40392,1292.60046387
Qatar,QAT,2009,78.837,3.232,60785.73516,1325.43005371
Qatar,QAT,2010,79.444,4.048,76462.61195,1309.79272461
Qatar,QAT,2014,81.395,1.927,95840.68989,2252.4140625
Qatar,QAT,2016,82.147,2.751,61253.6218,2072.06103516
Qatar,QAT,2018,82.714,2.504,71039.93082,1966.55712891
Romania,ROU,2000,71.1634146341463,1.961,1659.929049,69.89345551
Romania,ROU,2001,71.1609756097561,1.988,1825.192994,78.8175354
Romania,ROU,2002,71.009756097561,2.104,2119.855097,96.57698822
Romania,ROU,2003,71.309756097561,2.007,2679.40626,143.54553223
Romania,ROU,2004,71.5609756097561,2.25,3494.990564,190.7950592
Romania,ROU,2005,71.9121951219512,2.234,4618.003508,254.52961731
Romania,ROU,2006,72.1634146341463,2.231,5757.531273,291.00408936
Romania,ROU,2007,72.5658536585366,2.309,8360.337759,415.06790161
Romania,ROU,2008,72.5658536585366,2.426,10435.15612,521.31561279
Romania,ROU,2009,73.309756097561,2.449,8548.454341,449.37692261
Romania,ROU,2010,73.4585365853659,2.485,8399.537423,472.20751953
Romania,ROU,2011,74.409756097561,2.522,9560.675528,426.59973145
Romania,ROU,2012,74.4121951219512,2.598,8929.953662,401.67105103
Romania,ROU,2013,75.0634146341463,2.633,9497.674116,495.23623657
Romania,ROU,2014,74.909756097561,2.69,10031.77108,503.34753418
Romania,ROU,2015,74.9121951219512,2.758,8977.017482,442.24038696
Romania,ROU,2016,75.209756097561,2.83,9404.540059,476.24505615
Romania,ROU,2017,75.209756097561,2.912,10727.9822,555.11309814
Romania,ROU,2018,75.3585365853659,3.028,12416.13432,687.15411377
Romania,ROU,2019,75.6073170731707,3.165,12909.6104,738.5581665
Romania,ROU,2020,74.2536585365854,3.307,13009.17706,809.58880615
Romania,ROU,2021,72.809756097561,3.486,14907.98037,963.01287842
Romania,ROU,2022,75.1536585365854,3.625,15503.5518,902.2677002
Russian Federation,RUS,2000,65.4836585365854,4.636,1771.594116,95.20859528
Russian Federation,RUS,2001,65.3834146341463,4.639,2100.352539,117.87785339
Russian Federation,RUS,2002,65.1287804878049,4.676,2377.529541,140.05729675
Russian Federation,RUS,2003,65.0275609756098,4.705,2975.123047,163.31135559
Russian Federation,RUS,2004,65.4709756097561,4.74,4102.364746,207.61283875
Russian Federation,RUS,2005,65.529756097561,4.774,5323.455078,270.1439209
Russian Federation,RUS,2006,66.7275609756098,4.873,6920.199707,350.84014893
Russian Federation,RUS,2007,67.5868292682927,4.917,9101.239258,459.60296631
Russian Federation,RUS,2008,67.9492682926829,4.894,11635.28418,606.77508545
Russian Federation,RUS,2009,68.6846341463415,4.944,8562.824219,513.91033936
Russian Federation,RUS,2010,68.8412195121951,4.973,10674.99023,564.30065918
Russian Federation,RUS,2011,69.6839024390244,4.22,14305.33203,681.04345703
Russian Federation,RUS,2012,70.0721951219512,4.003,15401.85156,755.48553467
Russian Federation,RUS,2013,70.5787804878049,3.987,15941.44824,805.52130127
Russian Federation,RUS,2014,70.7436585365854,4.12,14055.47266,736.32177734
Russian Federation,RUS,2015,71.1834146341463,3.925,9277.713867,496.94955444
Russian Federation,RUS,2016,71.6512195121951,3.964,8663.158203,463.29275513
Russian Federation,RUS,2017,72.4514634146342,4.058,10658.91309,577.06811523
Russian Federation,RUS,2018,72.6621951219512,4.097,11211.8877,606.11401367
Russian Federation,RUS,2019,73.0839024390244,4.165,11447.70117,650.47058105
Russian Federation,RUS,2020,71.3387804878049,3.807,10108.32715,814.94451904
Russian Federation,RUS,2021,69.900243902439,5.087,12425.0293,881.74395752
Russian Federation,RUS,2022,72.5456097560976,5.111,15619.61426,1082.82104492
Rwanda,RWA,2002,51.262,0.019,234.0430168,7.32393837
Rwanda,RWA,2004,55.52,0.049,269.5404463,20.23413277
Rwanda,RWA,2005,56.968,0.024,324.0168638,25.02086639
Rwanda,RWA,2008,60.641,0.052,528.3263918,39.94568634
Rwanda,RWA,2009,61.813,0.055,564.0390958,43.99641418
Rwanda,RWA,2010,62.804,0.055,593.6249277,47.96871567
Rwanda,RWA,2011,63.476,0.0129,651.133678,51.64939499
Rwanda,RWA,2013,64.651,0.1,704.9242185,47.75388718
Rwanda,RWA,2014,65.088,0.089,724.9575265,50.63835144
Rwanda,RWA,2015,65.419,0.11,733.9986299,48.81296921
Rwanda,RWA,2016,65.733,0.12,729.5191338,43.54212189
Rwanda,RWA,2017,66.14,0.135,758.3009665,40.76682663
Rwanda,RWA,2018,66.354,0.132,771.7735112,42.11674881
Rwanda,RWA,2019,66.691,0.117,810.0514121,39.81322098
Rwanda,RWA,2020,66.953,0.116,778.7014989,45.15266418
Rwanda,RWA,2021,66.85,0.121,829.5448453,51.64677429
Rwanda,RWA,2022,67.528,0.09,975.4693237,57.83102036
Saudi Arabia,SAU,2000,72.607,0.924,11714.56237,493.36984253
Saudi Arabia,SAU,2001,72.951,0.849,10805.31133,482.10446167
Saudi Arabia,SAU,2008,75.301,1.971,22320.4889,663.14331055
Saudi Arabia,SAU,2009,75.447,1.937,17718.39116,760.19476318
Saudi Arabia,SAU,2010,75.616,2.244,22028.39014,765.91680908
Saudi Arabia,SAU,2011,75.808,2.27,27126.74987,954.38873291
Saudi Arabia,SAU,2012,76.09,2.273,28733.43755,1093.15588379
Saudi Arabia,SAU,2013,76.517,2.426,27865.4656,1189.67932129
Saudi Arabia,SAU,2014,77.116,2.371,27805.48503,1363.59155273
Saudi Arabia,SAU,2015,77.776,2.444,23256.15496,1309.27148438
Saudi Arabia,SAU,2016,78.354,2.466,22267.72171,1353.21813965
Saudi Arabia,SAU,2017,78.721,2.676,23929.29071,1400.90356445
Saudi Arabia,SAU,2018,78.75,2.899,29360.0659,1488.9753418
Saudi Arabia,SAU,2019,78.313,2.633,29566.79338,1504.55249023
Saudi Arabia,SAU,2020,77.596,3.076,24338.83073,1574.70068359
Saudi Arabia,SAU,2021,77.089,3.2,31920.76537,1654.74353027
Saudi Arabia,SAU,2022,77.31,3.482,38510.22762,1830.89074707
Sudan,SDN,2000,58.946,0.158,362.1168823,13.99440289
Sudan,SDN,2004,56.773,0.247,705.1133423,29.30404472
Sudan,SDN,2006,60.4,0.346,1132.474609,55.32660294
Sudan,SDN,2007,61.442,0.346,1444.372192,81.79016876
Sudan,SDN,2008,61.261,0.322,1527.582397,82.84276581
Sudan,SDN,2015,64.375,0.396,1292.379639,93.69657135
Sudan,SDN,2017,65.146,0.25,966.5056763,67.75476837
Senegal,SEN,2004,60.308,0.054,918.1020795,41.94406128
Senegal,SEN,2008,63.201,0.062,1398.79218,49.05390167
Senegal,SEN,2013,65.638,0.3179,1379.831966,60.51578903
Senegal,SEN,2015,66.451,0.2074,1218.006136,53.32304382
Senegal,SEN,2016,66.724,0.077,1266.439572,53.90053558
Senegal,SEN,2017,67.059,0.069,1356.805184,56.49185944
Senegal,SEN,2019,67.668,0.088,1431.181289,64.33670807
Senegal,SEN,2020,67.496,0.082,1461.087204,75.16521454
Senegal,SEN,2021,66.868,0.099,1598.10677,71.12162781
Senegal,SEN,2022,67.788,0.124,1574.028106,63.44842529
Singapore,SGP,2000,77.9512195121951,1.382,23852.83895,796.03100586
Singapore,SGP,2001,78.2512195121951,1.439,21699.74149,690.01330566
Singapore,SGP,2002,78.5512195121951,1.454,22159.83737,749.44445801
Singapore,SGP,2003,79.0390243902439,1.521,23730.38401,851.10961914
Singapore,SGP,2004,79.490243902439,1.556,27608.08001,868.43688965
Singapore,SGP,2005,79.990243902439,1.581,29961.31728,908.3760376
Singapore,SGP,2006,80.1414634146341,1.573,33768.45282,989.73895264
Singapore,SGP,2007,80.4414634146342,1.606,39432.88602,1116.97937012
Singapore,SGP,2008,80.790243902439,1.631,40008.57205,1286.91345215
Singapore,SGP,2009,81.2414634146342,1.675,38926.80544,1326.11682129
Singapore,SGP,2010,81.5414634146342,1.779,47236.68308,1510.66784668
Singapore,SGP,2011,81.7439024390244,1.861,53891.45703,1700.1685791
Singapore,SGP,2012,81.9951219512195,1.932,55547.55531,1853.02429199
Singapore,SGP,2013,82.2463414634147,2.034,56967.42579,2102.97021484
Singapore,SGP,2014,82.4951219512195,2.15,57564.80231,2233.34960938
Singapore,SGP,2015,82.7439024390244,2.255,55645.60686,2330.39599609
Singapore,SGP,2016,82.8463414634146,2.325,57005.58872,2509.92163086
Singapore,SGP,2017,83.0951219512195,2.389,61236.25127,2673.66210938
Singapore,SGP,2018,83.2975609756098,2.443,66881.6067,2726.00683594
Singapore,SGP,2019,83.5951219512195,2.519,65952.0379,2924.24707031
Singapore,SGP,2020,83.5439024390244,2.638,61410.07926,3541.36450195
Singapore,SGP,2021,83.0926829268293,2.781,80056.12882,4050.81054688
Singapore,SGP,2022,82.8951219512195,2.834,90299.06946,3902.14428711
Solomon Islands,SLB,2003,67.479,0.129,895.9842425,53.52047729
Solomon Islands,SLB,2005,67.79,0.184,1144.492334,89.02578735
Solomon Islands,SLB,2008,68.336,0.175,1525.846663,75.66864014
Solomon Islands,SLB,2011,68.824,0.197,1924.057956,95.51364136
Solomon Islands,SLB,2012,68.961,0.15,2066.257386,100.84831238
Solomon Islands,SLB,2013,69.007,0.18,2161.386275,98.99965668
Solomon Islands,SLB,2016,69.501,0.181,2082.623831,94.32994843
Sierra Leone,SLE,2004,47.485,0.031,417.7499833,23.03477859
Sierra Leone,SLE,2008,50.693,0.0155,705.3590141,37.23431396
Sierra Leone,SLE,2010,51.927,0.022,685.0396735,37.84529114
Sierra Leone,SLE,2011,52.594,0.026,761.1463656,49.6336174
Sierra Leone,SLE,2018,59.059,0.075,845.9145405,44.82733536
Sierra Leone,SLE,2019,59.593,0.033,843.7125178,48.13619995
Sierra Leone,SLE,2020,59.694,0.073,845.2775579,47.886161800000004
Sierra Leone,SLE,2022,61.275,0.134,860.3710679,41.31875229
El Salvador,SLV,2002,68.526,1.326,2115.411874,166.81164551
El Salvador,SLV,2005,69.336,1.724,2447.391408,225.17417908
El Salvador,SLV,2008,70.138,1.914,2983.248296,253.45413208
El Salvador,SLV,2016,70.908,1.5662,3901.34015,339.97875977
El Salvador,SLV,2018,71.384,2.963,4183.54621,348.18817139
El Salvador,SLV,2021,69.941,2.94,4642.607431,470.14025879
El Salvador,SLV,2022,71.969,1.566,5074.602102,500.20321655
San Marino,SMR,2011,83.713,4.814,55601.39297,4550.35058594
San Marino,SMR,2012,83.943,4.896,47945.89917,4310.10009766
San Marino,SMR,2013,84.175,4.881,50807.82891,4113.46679688
San Marino,SMR,2014,84.394,5.964,51260.49383,4120.02685547
San Marino,SMR,2022,85.708,4.663,54190.84177,3874.98535156
"Somalia, Fed. Rep.",SOM,2014,54.442,0.048,429.4316567,13.15052128
Serbia,SRB,2003,72.4365853658537,2.707,3153.901131,230.08865356
Serbia,SRB,2004,72.6829268292683,2.772,3597.087981,274.45532227
Serbia,SRB,2005,72.8341463414634,2.757,3807.974173,307.54705811
Serbia,SRB,2006,73.3853658536585,2.783,4492.71367,371.506073
Serbia,SRB,2007,73.6317073170732,2.852,6081.087657,547.22723389
Serbia,SRB,2008,73.8853658536585,2.943,7376.735179,671.88702393
Serbia,SRB,2009,73.9853658536585,2.973,6414.044846,575.262146
Serbia,SRB,2010,74.3365853658537,3.017,5970.926609,545.33380127
Serbia,SRB,2011,74.5365853658537,3.043,7082.286167,618.89422607
Serbia,SRB,2012,74.8365853658537,3.047,6263.040861,559.90545654
Serbia,SRB,2013,75.1853658536585,3.058,7040.418121,627.53308105
Serbia,SRB,2014,75.3365853658537,3.03,6886.678091,608.85858154
Serbia,SRB,2015,75.2878048780488,3.043,5820.321558,491.25177002
Serbia,SRB,2016,75.6878048780488,2.926,5982.370301,486.42944336
Serbia,SRB,2017,75.5390243902439,2.937,6548.036538,515.84570313
Serbia,SRB,2018,75.890243902439,2.966,7559.861657,617.08691406
Serbia,SRB,2020,74.4780487804878,2.875,8098.709557,670.03564453
Serbia,SRB,2021,72.780487804878,3.029,9680.527981,889.09753418
Serbia,SRB,2022,75.2365853658537,3.099,10024.81911,843.57733154
Sub-Saharan Africa (excluding high income),SSA,2010,56.8123821457291,0.201880142206923,1789.343742,93.6625731801793
Sub-Saharan Africa (excluding high income),SSA,2022,61.2833700706225,0.261259841171875,1963.8033,91.4200968178127
Small states,SST,2000,66.9881018420458,1.09760124397473,4846.982126,278.299514679322
Small states,SST,2010,69.6933118913694,1.21610408829536,9813.583196,604.299714141107
Small states,SST,2022,72.380297225352,1.8737611859239,13636.46612,953.147727709784
Sao Tome and Principe,STP,2004,62.56,0.514,726.5608821,71.05591583
Sao Tome and Principe,STP,2015,66.023,0.315,1298.109466,85.37828827
Sao Tome and Principe,STP,2019,68.043,0.492,1935.293182,106.86884308
Sao Tome and Principe,STP,2022,69.237,0.464,2389.737298,139.02836609
Suriname,SUR,2000,64.409,0.401,1988.221729,166.90083313
Suriname,SUR,2004,66.362,0.778,2887.772173,212.50817871
Suriname,SUR,2009,69.323,0.679,7129.576863,380.04019165
Suriname,SUR,2015,70.567,1.006,8813.617054,511.91244507
Suriname,SUR,2016,70.979,1.087,5644.206106,338.24822998
Suriname,SUR,2017,71.247,1.139,6049.521286,322.00415039
Suriname,SUR,2018,71.468,0.787,6665.741805,440.32211304
Suriname,SUR,2021,68.943,1.466,5029.848385,270.37786865
Slovak Republic,SVK,2000,73.0512195121951,3.238,5421.644844,203.50627136
Slovak Republic,SVK,2001,73.4024390243903,3.223,5712.478028,212.22207642
Slovak Republic,SVK,2002,73.6048780487805,3.201,6554.628084,254.12765503
Slovak Republic,SVK,2003,73.6048780487805,3.148,8675.396337,344.47335815
Slovak Republic,SVK,2004,73.9585365853659,3.151,10650.12901,511.52990723
Slovak Republic,SVK,2005,73.9048780487805,3.035,11641.54103,601.31323242
Slovak Republic,SVK,2006,74.2048780487805,3.169,13167.89547,729.01324463
Slovak Republic,SVK,2007,74.2073170731707,3.388,16110.48173,1029.30029297
Slovak Republic,SVK,2008,74.7048780487805,3.369,18744.31923,1251.67724609
Slovak Republic,SVK,2009,74.909756097561,3.305,16586.75278,1320.09301758
Slovak Republic,SVK,2010,75.1121951219512,3.359,16899.44868,1296.54284668
Slovak Republic,SVK,2011,75.9585365853659,3.307,18469.43543,1352.43835449
Slovak Republic,SVK,2012,76.109756097561,3.366,17516.969109999998,1319.43823242
Slovak Republic,SVK,2013,76.4121951219512,3.393,18312.78051,1370.46765137
Slovak Republic,SVK,2014,76.8121951219512,3.43,18770.92899,1289.34851074
Slovak Republic,SVK,2015,76.5634146341463,3.454,16442.07609,1108.87817383
Slovak Republic,SVK,2016,77.1658536585366,3.476,16636.07691,1175.6270752
Slovak Republic,SVK,2017,77.1658536585366,3.423,17645.52987,1189.07983398
Slovak Republic,SVK,2018,77.2658536585366,3.523,19573.3717,1299.91125488
Slovak Republic,SVK,2019,77.6658536585366,3.569,19406.05897,1342.07580566
Slovak Republic,SVK,2020,76.8658536585366,3.671,19735.48583,1393.62438965
Slovak Republic,SVK,2021,74.6146341463415,3.683,22123.33421,1684.51550293
Slovak Republic,SVK,2022,76.9658536585366,3.697,21317.7944,1642.39208984
Slovenia,SVN,2000,75.4121951219512,2.154,10135.72191,796.64703369
Slovenia,SVN,2001,75.7585365853659,2.174,10375.62559,826.22576904
Slovenia,SVN,2002,76.0073170731707,2.229,11639.12978,944.87145996
Slovenia,SVN,2003,76.8585365853659,2.251,14711.67487,1203.06359863
Slovenia,SVN,2004,77.2073170731707,2.302,17103.82978,1368.64855957
Slovenia,SVN,2005,77.6121951219512,2.35,17969.70959,1449.18920898
Slovenia,SVN,2006,78.0865853658537,2.366,19563.00506,1541.66430664
Slovenia,SVN,2007,78.5609756097561,2.39,23725.1596,1795.95043945
Slovenia,SVN,2008,78.7658536585366,2.397,27461.97642,2179.45239258
Slovenia,SVN,2009,78.9707317073171,2.415,24501.78973,2125.05688477
Slovenia,SVN,2010,79.4219512195122,2.435,23329.84177,2017.14660645
Slovenia,SVN,2011,79.9707317073171,2.5,24940.62848,2147.80517578
Slovenia,SVN,2012,80.1243902439024,2.546,22442.14179,1974.85400391
Slovenia,SVN,2013,80.3219512195122,2.634,23236.96553,2055.38134766
Slovenia,SVN,2014,81.0780487804878,2.775,24013.06821,2062.38476563
Slovenia,SVN,2015,80.7756097560976,2.83,20697.27485,1775.86071777
Slovenia,SVN,2016,81.1756097560976,3.019,21447.83778,1838.65405273
Slovenia,SVN,2017,81.0292682926829,3.107,23303.07771,1925.03466797
Slovenia,SVN,2018,81.3780487804878,3.185,25888.04811,2169.57885742
Slovenia,SVN,2019,81.5292682926829,3.27,25814.16872,2219.09790039
Slovenia,SVN,2020,80.5317073170732,3.303,25392.06511,2417.20874023
Slovenia,SVN,2021,80.6756097560976,3.335,29192.84019,2779.56591797
Slovenia,SVN,2022,81.2829268292683,3.367,28360.30415,2737.84936523
Sweden,SWE,2000,79.6439024390244,3.026,29632.58908,2173.1940918
Sweden,SWE,2001,79.7951219512195,3.121,27259.31743,2154.63354492
Sweden,SWE,2002,79.8463414634146,3.212,29957.77767,2456.70068359
Sweden,SWE,2003,80.0951219512195,3.283,37292.24197,3107.48876953
Sweden,SWE,2004,80.4975609756098,3.373,42758.00486,3488.65771484
Sweden,SWE,2005,80.5463414634146,3.454,43378.40774,3546.78686523
Sweden,SWE,2006,80.7487804878049,3.543,46531.37622,3755.67529297
Sweden,SWE,2007,80.9,3.625,53568.30578,4295.55224609
Sweden,SWE,2008,81.1,3.681,55817.17597,4609.91845703
Sweden,SWE,2009,81.3512195121951,3.749,46707.6425,4118.41650391
Sweden,SWE,2010,81.4512195121951,3.808,52542.57591,4391.1171875
Sweden,SWE,2011,81.8024390243903,3.888,60379.48146,6363.61474609
Sweden,SWE,2012,81.7048780487805,3.967,57749.56154,6280.82519531
Sweden,SWE,2013,81.9560975609756,4.043,60843.98888,6716.21484375
Sweden,SWE,2014,82.2536585365854,4.109,59583.45845,6632.23681641
Sweden,SWE,2015,82.2048780487805,4.174,51188.16521,5626.04833984
Sweden,SWE,2016,82.3073170731707,4.233,51703.50883,5719.45996094
Sweden,SWE,2017,82.409756097561,4.269,53210.22333,5871.52294922
Sweden,SWE,2018,82.5585365853659,4.322,54018.45544,6042.13525391
Sweden,SWE,2019,83.109756097561,4.288,51648.98928,5688.04492188
Sweden,SWE,2020,82.3560975609756,4.322,52568.5727,6030.53271484
Sweden,SWE,2021,83.0560975609756,4.408,60647.54164,6894.20166016
Eswatini,SWZ,2001,46.344,0.17,1429.856304,75.41345978
Eswatini,SWZ,2003,44.632,0.15,2015.217431,131.40959167
Eswatini,SWZ,2004,43.906,0.159,2525.564045,175.89544678
Eswatini,SWZ,2009,46.913,0.157,3189.7968,279.68212891
Eswatini,SWZ,2011,49.057,0.098,4225.060494,365.25265503
Eswatini,SWZ,2016,56.228,0.093,3238.17612,226.41770935
Eswatini,SWZ,2017,57.574,0.18,3853.099566,265.50152588
Eswatini,SWZ,2018,58.707,0.238,3972.654506,292.33929443
Eswatini,SWZ,2020,59.862,0.138,3466.569363,236.99609375
Eswatini,SWZ,2022,63.028,0.561,3894.162009,284.75802612
Seychelles,SYC,2004,72.6609756097561,1.372,10827.67164,444.24789429
Seychelles,SYC,2005,72.1317073170732,1.165,11802.11183,457.77093506
Seychelles,SYC,2006,72.2170731707317,0.83,12782.99389,487.17950439
Seychelles,SYC,2007,73.1439024390244,0.995,12669.30267,428.61749268
Seychelles,SYC,2008,73.1634146341463,0.757,11265.43763,367.36502075
Seychelles,SYC,2009,73.0829268292683,1.1,9747.091805,310.96310425
Seychelles,SYC,2010,73.1975609756098,1.053,10934.79495,449.52416992
Seychelles,SYC,2011,72.7243902439024,1.103,12110.09375,457.16436768
Seychelles,SYC,2012,74.2756097560976,0.935,12337.15547,562.99871826
Seychelles,SYC,2016,74.309756097561,1.849,16566.9946,673.19622803
Seychelles,SYC,2018,72.8414634146341,2.087,18440.23405,685.10827637
Seychelles,SYC,2019,74.0463414634146,1.869,19141.51187,675.47839355
Seychelles,SYC,2021,73.3975609756097,3.634,14982.91115,629.85974121
Seychelles,SYC,2022,74.509756097561,6.598,16836.67219,707.34448242
Syrian Arab Republic,SYR,2000,70.856,1.347,1138.188485,53.69049835
Syrian Arab Republic,SYR,2002,71.742,1.435,1183.247345,62.74715805
Syrian Arab Republic,SYR,2003,72.188,1.368,1220.179077,59.87030792
Syrian Arab Republic,SYR,2004,72.494,1.412,1368.114823,60.20412827
Syrian Arab Republic,SYR,2005,72.797,1.501,1533.901665,62.29284668
Syrian Arab Republic,SYR,2007,73.256,1.417,1937.611386,72.10467529
Syrian Arab Republic,SYR,2008,73.368,1.419,2429.124771,82.92500305
Syrian Arab Republic,SYR,2009,73.496,1.362,2462.201936,88.00678253
Syrian Arab Republic,SYR,2010,73.542,1.388,2730.614771,91.5537796
Syrian Arab Republic,SYR,2014,65.492,1.432,1060.591059,48.91549683
Syrian Arab Republic,SYR,2016,65.19,1.172,656.3490586,27.40652657
Syrian Arab Republic,SYR,2017,65.651,1.468,851.5020053,35.57104874
Syrian Arab Republic,SYR,2018,67.371,1.5,1098.066864,46.24067307
Syrian Arab Republic,SYR,2019,70.97,1.517,1109.53926,55.2208252
Syrian Arab Republic,SYR,2020,71.944,1.5,572.3552898,37.03173065
Syrian Arab Republic,SYR,2021,72.418,1.521,663.6142457,53.4726181
Chad,TCD,2000,47.937,0.028,163.1216637,10.07452297
Chad,TCD,2004,48.687,0.035,445.8507672,27.74994278
Chad,TCD,2006,48.747,0.034,906.8972606,33.8651123
Chad,TCD,2012,50.765,0.04,1354.343447,36.20247269
Chad,TCD,2013,51.051,0.042,1304.88743,38.59413528
Chad,TCD,2014,51.141,0.043,1278.789814,42.16276169
Chad,TCD,2015,51.32,0.048,993.9907306,33.82092285
Chad,TCD,2016,51.603,0.036,861.8317676,31.96038055
Chad,TCD,2017,51.875,0.042,854.4612004,29.9935894
Chad,TCD,2018,52.447,0.05,948.6566299,31.2043705
Chad,TCD,2019,52.993,0.052,893.3364416,30.23690224
Chad,TCD,2020,53.082,0.058,866.9478149,37.73088074
Chad,TCD,2021,53.136,0.056,946.3585002,37.59156799
Chad,TCD,2022,54.528,0.082,966.0364683,40.17007446
East Asia & Pacific (IDA & IBRD countries),TEA,2000,70.8650826611102,1.13449769649654,972.8331739,38.3962606653257
East Asia & Pacific (IDA & IBRD countries),TEA,2010,73.8065980873171,1.14263478359337,4104.802624,160.37548959536
East Asia & Pacific (IDA & IBRD countries),TEA,2022,75.9610347461336,2.3382424600285,10220.47744,566.052535523033
Europe & Central Asia (IDA & IBRD countries),TEC,2000,68.3665797468115,3.13606404692811,2044.350746,105.567122744409
Europe & Central Asia (IDA & IBRD countries),TEC,2010,71.4358973425353,3.34628339961149,8280.723438,454.110808341596
Europe & Central Asia (IDA & IBRD countries),TEC,2022,74.1883654842503,3.71843177913449,11421.13644,732.6197329168
Togo,TGO,2001,54.757,0.057,396.6926545,13.04282379
Togo,TGO,2004,55.608,0.043,560.2663085,18.62999153
Togo,TGO,2007,56.395,0.047,607.5878867,22.34309769
Togo,TGO,2008,56.663,0.055,718.9483867,26.89384079
Togo,TGO,2010,57.24,0.0506,704.9867723,30.54597664
Togo,TGO,2015,59.23,0.047,751.0519876,46.92110825
Togo,TGO,2016,59.677,0.044,772.5813576,50.878349300000004
Togo,TGO,2017,60.145,0.072,792.765701,51.5464592
Togo,TGO,2018,60.608,0.074,851.1205612,52.43610382
Togo,TGO,2019,61.061,0.074,826.255209,48.85387421
Togo,TGO,2020,61.14,0.079,863.4686659,52.75213242
Togo,TGO,2021,61.337,0.057,962.0751875,52.72237015
Togo,TGO,2022,62.292,0.08,951.2323787,55.79545593
Thailand,THA,2001,71.52,0.298,1889.934325,57.19389343
Thailand,THA,2002,71.775,0.295,2089.751831,69.68746185
Thailand,THA,2004,72.1,0.289,2641.562687,82.91682434
Thailand,THA,2006,73.341,0.284,3331.320435,103.26116943
Thailand,THA,2007,73.779,0.292,3918.528174,125.10979462
Thailand,THA,2008,74.221,0.311,4309.135093,149.06762695
Thailand,THA,2009,74.669,0.333,4135.43987,149.67800903
Thailand,THA,2010,75.012,0.383,4973.862888,168.61891174
Thailand,THA,2015,76.563,0.453,5688.853354,219.15092468
Thailand,THA,2016,76.769,0.433,5833.577156,229.7849884
Thailand,THA,2017,76.989,0.788,6413.091825,247.08152771
Thailand,THA,2018,77.19,0.518,7099.776501,274.71221924
Thailand,THA,2019,77.197,0.548,7605.696578,288.31097412
Thailand,THA,2020,77.331,0.509,6985.643939,304.3817749
Thailand,THA,2021,77.606,0.541,7057.207548,363.72845459
Tajikistan,TJK,2000,63.542,2.148,136.9257164,5.90626955
Tajikistan,TJK,2001,64.197,2.095,168.6762854,7.56599855
Tajikistan,TJK,2002,64.898,2.008,186.9516383,8.21969986
Tajikistan,TJK,2003,65.874,1.906,233.5812485,10.97546482
Tajikistan,TJK,2004,66.604,1.914,305.7451586,14.6509676
Tajikistan,TJK,2005,66.531,1.917,333.9271509,17.38472557
Tajikistan,TJK,2006,66.997,1.88,401.0184033,20.04485893
Tajikistan,TJK,2007,67.405,1.861,516.9972106,28.58950996
Tajikistan,TJK,2008,67.924,1.895,703.3273759,41.35135651
Tajikistan,TJK,2009,68.248,1.616,664.7956557,38.9187851
Tajikistan,TJK,2010,68.37,1.67,737.3388832,42.28567886
Tajikistan,TJK,2011,68.698,1.693,833.6019782,48.8431282
Tajikistan,TJK,2012,69.13,1.697,952.4528197,56.97117615
Tajikistan,TJK,2013,69.579,1.677,1028.197043,67.62356567
Tajikistan,TJK,2014,69.697,1.727,1081.544029,73.06859589
Tajikistan,TJK,2015,69.665,1.747,956.9163109,62.75804901
Tajikistan,TJK,2016,69.982,1.754,788.7104817,54.9213562
Tajikistan,TJK,2017,70.524,1.785,829.4571476,56.85092545
Tajikistan,TJK,2018,70.737,1.934,834.2884046,58.51539993
Tajikistan,TJK,2019,70.962,1.933,871.0223729,60.51568222
Tajikistan,TJK,2020,68.605,1.995,834.3117155,74.17329407
Tajikistan,TJK,2021,69.594,1.949,896.7480534,75.10315704
Tajikistan,TJK,2022,71.562,1.939,1052.179495,78.61326599
Turkmenistan,TKM,2000,64.931,2.708,633.8354876,75.52490234
Turkmenistan,TKM,2001,65.325,2.702,756.0349763,120.8463974
Turkmenistan,TKM,2002,65.593,2.657,935.5408015,128.08802795
Turkmenistan,TKM,2003,65.854,2.551,1228.948703,199.93019104
Turkmenistan,TKM,2004,66.055,2.479,1379.230097,302.85839844
Turkmenistan,TKM,2005,66.275,2.356,1604.016185,324.81155396
Turkmenistan,TKM,2006,66.574,2.236,1996.593107,349.6842041
Turkmenistan,TKM,2007,67.02,2.175,2414.96072,261.83258057
Turkmenistan,TKM,2008,67.584,2.126,3605.503951,235.91514587
Turkmenistan,TKM,2009,68.155,2.105,3707.978507,178.44587708
Turkmenistan,TKM,2010,68.608,2.079,4058.53937,202.7792511
Turkmenistan,TKM,2011,68.87,2.079,5143.619293,251.85777283
Turkmenistan,TKM,2012,68.961,2.029,6053.874847,289.13015747
Turkmenistan,TKM,2013,68.968,1.999,6599.645291,339.92349243
Turkmenistan,TKM,2014,69.001,2.002,7164.145362,393.86843872
Turkmenistan,TKM,2015,69.061,1.974,5759.497904,362.72949219
Turkmenistan,TKM,2016,69.142,1.959,5686.98041,376.65567017
Turkmenistan,TKM,2017,69.19,1.969,5828.481662,410.81082153
Turkmenistan,TKM,2018,69.272,1.971,6125.051697,411.32562256
Turkmenistan,TKM,2019,69.405,1.957,5998.001743,432.78118896
Turkmenistan,TKM,2020,68.846,1.96,5972.723566,420.0083313
Turkmenistan,TKM,2021,69.353,1.917,5723.302272,471.86325073
Turkmenistan,TKM,2022,69.913,1.916,5837.842245,579.15454102
Latin America & the Caribbean (IDA & IBRD countries),TLA,2000,70.7184102333167,1.51253064845163,4388.92611,284.08364673607
Latin America & the Caribbean (IDA & IBRD countries),TLA,2010,73.2840381673624,1.89688111335972,9115.801446,638.340784983717
Latin America & the Caribbean (IDA & IBRD countries),TLA,2022,74.5684293540859,2.45380103637718,9174.556905,731.083036553733
Timor-Leste,TLS,2004,60.743,0.082,474.4207267,20.22569466
Timor-Leste,TLS,2007,62.396,0.034,540.1546305,30.51906586
Timor-Leste,TLS,2008,62.858,0.037,628.1531915,43.71953964
Timor-Leste,TLS,2009,63.265,0.044,686.5793297,50.18856049
Timor-Leste,TLS,2010,63.66,0.079,813.0602207,52.6151619
Timor-Leste,TLS,2011,64.022,0.078,939.0452389,64.43626404
Timor-Leste,TLS,2013,64.719,0.615,1204.568433,102.79840851
Timor-Leste,TLS,2014,65.027,0.678,1224.749563,93.10574341
Timor-Leste,TLS,2015,65.326,0.69,1319.59295,101.4779892
Timor-Leste,TLS,2017,65.898,0.745,1266.177711,86.16269684
Timor-Leste,TLS,2018,66.204,0.718,1219.465997,78.07413483
Timor-Leste,TLS,2019,66.496,0.764,1562.364581,78.01346588
Timor-Leste,TLS,2020,66.919,0.752,1630.869385,118.49451447
"Middle East, North Africa, Afghanistan & Pakistan (IDA & IBRD)",TMN,2000,65.6072409047927,0.767425283921786,1246.019751,54.4968243727188
"Middle East, North Africa, Afghanistan & Pakistan (IDA & IBRD)",TMN,2022,70.965432550888,1.12125410560683,3010.196567,135.665737678531
Tonga,TON,2000,69.635,0.499,1995.076675,53.3949585
Tonga,TON,2001,69.8,0.339,1753.516676,55.2772522
Tonga,TON,2002,70.03,0.289,1759.480532,62.6541748
Tonga,TON,2008,71.041,0.533,3218.45304,190.86582947
Tonga,TON,2009,70.949,0.578,2914.23774,118.79367065
Tonga,TON,2010,71.319,0.54,3416.083566,166.58139038
Tonga,TON,2013,71.65,0.514,4219.246701,171.82066345
Tonga,TON,2019,72.292,1.012,4788.833423,266.68792725
Tonga,TON,2020,72.379,0.946,4792.358547,262.55459595
Tonga,TON,2021,72.13,1.014,4922.801714,348.79745483
South Asia (IDA & IBRD),TSA,2022,72.0115731308447,0.734049151018125,2385.083419,79.9919658936364
Sub-Saharan Africa (IDA & IBRD countries),TSS,2000,51.6453200237496,0.12684015290204,629.5297316,32.4202588927503
Sub-Saharan Africa (IDA & IBRD countries),TSS,2010,57.1071582744601,0.183321233009679,1642.641342,85.6594187442136
Sub-Saharan Africa (IDA & IBRD countries),TSS,2022,61.8572731122839,0.249646655931918,1865.116353,84.9160346502374
Trinidad and Tobago,TTO,2000,68.629,0.966,6178.589756,266.16275024
Trinidad and Tobago,TTO,2001,68.874,0.931,6657.414669,272.72851563
Trinidad and Tobago,TTO,2002,69.232,0.791,6762.930808,324.36880493
Trinidad and Tobago,TTO,2003,69.454,0.775,8445.046535,358.59500122
Trinidad and Tobago,TTO,2006,70.437,1.172,14152.66074,568.72583008
Trinidad and Tobago,TTO,2007,70.797,1.13,16606.67536,667.35321045
Trinidad and Tobago,TTO,2009,71.404,1.444,14634.0565,776.62243652
Trinidad and Tobago,TTO,2010,71.809,1.732,16815.42474,825.16088867
Trinidad and Tobago,TTO,2011,72.232,1.743,19151.08702,872.96398926
Trinidad and Tobago,TTO,2015,72.882,2.541,19887.23277,1061.58666992
Trinidad and Tobago,TTO,2017,72.984,3.222,17566.09997,1083.37609863
Trinidad and Tobago,TTO,2018,72.658,3.939,17571.49874,1080.45397949
Trinidad and Tobago,TTO,2019,72.836,4.205,17212.61289,1097.20556641
Trinidad and Tobago,TTO,2020,72.645,4.298,15283.62705,1059.72583008
Trinidad and Tobago,TTO,2021,71.111,4.157,17712.56741,1170.93859863
Tunisia,TUN,2000,72.604,0.762,2199.044659,111.01378632
Tunisia,TUN,2001,72.822,0.787,2235.719816,114.00454712
Tunisia,TUN,2002,73.07,0.799,2320.772381,124.64620972
Tunisia,TUN,2003,73.304,0.813,2725.864315,148.93447876
Tunisia,TUN,2004,73.519,1.311,3067.419364,167.27586365
Tunisia,TUN,2005,73.712,0.919,3146.826074,169.84550476
Tunisia,TUN,2007,74.039,1.011,3726.916729,202.32022095
Tunisia,TUN,2008,74.192,1.094,4255.05008,230.50152588
Tunisia,TUN,2010,74.438,1.207,4291.861209,240.75447083
Tunisia,TUN,2014,74.784,1.253,4458.978955,287.60955811
Tunisia,TUN,2015,74.875,1.285,4014.947737,249.46418762
Tunisia,TUN,2016,75.007,1.258,3847.803544,240.40258789
Tunisia,TUN,2017,75.177,1.278,3619.032473,223.85903930999999
Tunisia,TUN,2019,75.599,1.299,3528.872133,212.60031128
Tunisia,TUN,2020,75.004,1.315,3548.653637,250.40145874
Tunisia,TUN,2021,72.893,1.315,3906.939263,285.25247192
Turkiye,TUR,2000,71.931,1.303,4199.379864,192.8344574
Turkiye,TUR,2001,72.271,1.356,3052.225671,148.86210632
Turkiye,TUR,2002,72.605,1.371,3591.08629,181.39144897
Turkiye,TUR,2003,72.906,1.393,4649.636681,232.5562439
Turkiye,TUR,2004,73.223,1.416,5979.605422,292.65307617
Turkiye,TUR,2005,73.51,1.455,7331.854294,357.40197754
Turkiye,TUR,2006,73.804,1.492,7990.082514,409.25881958
Turkiye,TUR,2007,74.129,1.532,9766.917345,504.37646484
Turkiye,TUR,2008,74.38,1.581,10913.4079,561.73529053
Turkiye,TUR,2009,74.679,1.637,9076.924722,492.30032349
Turkiye,TUR,2010,74.964,1.683,10698.96994,531.82861328
Turkiye,TUR,2011,74.823,1.698,11373.63558,525.89105225
Turkiye,TUR,2012,75.552,1.726,11776.75934,520.44274902
Turkiye,TUR,2013,76.171,1.751,12635.557,547.95465088
Turkiye,TUR,2014,76.452,1.738,12209.38623,520.40753174
Turkiye,TUR,2015,76.539,1.765,11064.64945,444.70803833
Turkiye,TUR,2016,76.595,1.774,10984.36432,456.3659668
Turkiye,TUR,2017,77.037,1.805,10756.38777,432.13754272
Turkiye,TUR,2018,77.454,1.814,9684.118199,380.27835083
Turkiye,TUR,2019,77.737,1.884,9395.23378,388.67486572
Turkiye,TUR,2020,76.525,1.989,8798.117917,386.2593689
Turkiye,TUR,2021,75.722,2.118,9981.763984,431.33978271
Turkiye,TUR,2022,77.591,2.236,10897.83979,385.87997437
Tuvalu,TUV,2002,63.825,0.625,1750.251751,207.1824646
Tuvalu,TUV,2003,63.897,1.031,2006.842499,274.99337769
Tuvalu,TUV,2008,64.516,0.971,3088.308774,319.3182373
Tuvalu,TUV,2009,64.693,1.143,2683.967495,349.2015686
Tuvalu,TUV,2014,65.278,0.909,3528.858581,512.64215088
Tuvalu,TUV,2020,66.357,1.346,4976.112541,899.59460449
Tanzania,TZA,2002,54.94,0.023,402.6490479,17.0355854
Tanzania,TZA,2012,62.286,0.031,861.9699097,41.99654007
Tanzania,TZA,2014,63.364,0.06,1022.748413,39.85456848
Tanzania,TZA,2018,65.488,0.05,1023.106262,41.27171326
Tanzania,TZA,2022,66.879,0.134,1207.52063,35.93323135
Uganda,UGA,2002,51.443,0.047,241.9846884,15.74441719
Uganda,UGA,2004,53.699,0.081,292.381858,18.60707474
Uganda,UGA,2005,54.926,0.12,330.4054027,25.86819267
Uganda,UGA,2012,61.579,0.098,795.2228676,55.03918457
Uganda,UGA,2015,63.831,0.097,862.9346104,40.09843445
Uganda,UGA,2017,65.174,0.172,765.2183323,31.43818092
Uganda,UGA,2020,66.41,0.158,845.7664639,44.733818050000004
Uganda,UGA,2022,67.675,0.191,963.0673141,44.47286224
Ukraine,UKR,2000,67.786,2.986,653.2943115,34.62232971
Ukraine,UKR,2001,67.675,2.984,800.4907227,44.14328766
Ukraine,UKR,2002,67.699,2.976,903.0119019,52.11910248
Ukraine,UKR,2003,67.638,2.964,1076.481567,67.87039948
Ukraine,UKR,2004,67.472,2.968,1401.018066,83.23918915
Ukraine,UKR,2005,67.517,2.974,1875.335083,114.63265228
Ukraine,UKR,2006,67.49,3.04,2366.494141,146.27377319000001
Ukraine,UKR,2007,67.715,3.043,3160.327637,183.18217468
Ukraine,UKR,2008,68.262,3.074,4017.806641,212.75292969
Ukraine,UKR,2009,69.159,3.442,2607.087646,165.98542786
Ukraine,UKR,2010,70.188,3.433,3039.632324,199.49559021
Ukraine,UKR,2011,70.711,3.432,3656.697998,240.17747498
Ukraine,UKR,2012,71.09,3.434,3951.342285,270.76205444
Ukraine,UKR,2013,71.474,3.433,4129.896973,275.94143677
Ukraine,UKR,2014,71.803,2.936,3054.908203,208.94400024
Uruguay,URY,2002,74.979,3.777,4149.761403,436.44049072
Uruguay,URY,2008,76.275,3.996,9423.965626,811.7020874
Uruguay,URY,2016,77.351,4.008,17009.75842,1469.38964844
Uruguay,URY,2017,77.618,5.01,19184.65026,1672.3314209
Uruguay,URY,2021,75.434,4.548,17881.81872,1594.98059082
Uruguay,URY,2022,76.468,4.674,20818.61461,1850.80737305
United States,USA,2000,76.6365853658537,2.596,36329.95607,4548.5546875
United States,USA,2004,77.4878048780488,2.711,41724.63163,6071.84423828
United States,USA,2018,78.6390243902439,2.548,62499.87444,10180.48242188
United States,USA,2019,78.7878048780488,3.482,64746.45068,10550.22070313
United States,USA,2020,76.9804878048781,3.518,63515.94918,11648.49511719
United States,USA,2021,76.3292682926829,3.575,70205.05092,12080.07324219
United States,USA,2022,77.4341463414634,3.681,76657.24888,12586.19628906
Uzbekistan,UZB,2000,65.456,2.961,555.1492311,35.72119904
Uzbekistan,UZB,2001,65.853,2.911,454.4158123,30.46290398
Uzbekistan,UZB,2002,66.376,2.849,381.4092969,24.50708961
Uzbekistan,UZB,2003,66.852,2.786,394.1640289,25.61911011
Uzbekistan,UZB,2004,67.203,2.726,462.1714929,28.02430153
Uzbekistan,UZB,2005,67.481,2.677,542.8358087,32.512611389999996
Uzbekistan,UZB,2006,67.905,2.662,649.118167,37.97257233
Uzbekistan,UZB,2007,68.483,2.645,824.0281923,46.89629364
Uzbekistan,UZB,2008,69.035,2.617,1074.729288,61.29156876
Uzbekistan,UZB,2009,69.517,2.582,1205.799355,71.95819092
Uzbekistan,UZB,2010,69.836,2.555,1753.207302,92.87456512
Uzbekistan,UZB,2011,70.143,2.517,2087.863861,109.86156464
Uzbekistan,UZB,2012,70.411,2.461,2307.346491,127.94210052
Uzbekistan,UZB,2013,70.692,2.421,2461.979474,140.71011353
Uzbekistan,UZB,2014,70.973,2.39,2674.962838,118.44307709
Uzbekistan,UZB,2015,71.33,2.363,2803.19018,132.60565186
Uzbekistan,UZB,2016,71.58,2.298,2753.379514,129.82177734
Uzbekistan,UZB,2017,71.737,2.27,2190.604116,93.4151535
Uzbekistan,UZB,2018,71.999,2.329,1813.085308,82.53038788
Uzbekistan,UZB,2019,72.093,2.322,2041.384807,98.6240387
Uzbekistan,UZB,2020,71.461,2.31,1978.280519,120.29019165
Uzbekistan,UZB,2021,71.681,2.805,2258.519641,156.44789124
St. Vincent and the Grenadines,VCT,2000,70.35,0.784,3768.955366,149.9225769
St. Vincent and the Grenadines,VCT,2001,70.382,0.546,4071.086011,162.93431091
St. Vincent and the Grenadines,VCT,2004,70.445,0.895,4873.489477,188.43644714
St. Vincent and the Grenadines,VCT,2010,70.66,0.655,6551.96836,281.91867065
St. Vincent and the Grenadines,VCT,2012,70.539,0.938,6713.807686,298.78082275
Viet Nam,VNM,2001,72.984,0.543,419.2056776,25.55491257
Viet Nam,VNM,2002,73.138,0.571,445.1328618,21.87733841
Viet Nam,VNM,2005,73.198,0.635,710.74676,38.96974945
Viet Nam,VNM,2006,73.293,0.643,807.7566451,46.86905289
Viet Nam,VNM,2007,73.385,0.655,925.6403383,54.40701294
Viet Nam,VNM,2008,73.455,0.673,1163.831958,64.433815
Viet Nam,VNM,2009,73.525,0.703,1226.169761,69.82720184
Viet Nam,VNM,2010,73.611,0.714,1683.161824,85.36088562
Viet Nam,VNM,2012,73.762,0.824,2185.117677,109.29483795
Viet Nam,VNM,2014,73.886,0.783,2546.384645,119.44549561
Viet Nam,VNM,2015,73.955,0.795,2577.568853,121.43981171
Viet Nam,VNM,2016,73.984,0.825,2735.060438,133.1960144
Viet Nam,VNM,2018,74.1,0.881,3222.310031,161.97871399
Viet Nam,VNM,2019,74.211,0.99,3440.900254,171.15296936
Viet Nam,VNM,2020,75.383,0.856,3534.039535,153.10160828
Viet Nam,VNM,2021,74.145,1.107,3704.193559,168.09350586
Vanuatu,VUT,2004,68.985,0.146,1774.318676,62.80937958
Vanuatu,VUT,2007,69.144,0.118,2333.705067,72.5284729
Vanuatu,VUT,2008,69.302,0.115,2603.608831,81.72294617
Vanuatu,VUT,2012,69.898,0.185,3004.784167,118.27751923
Vanuatu,VUT,2016,70.397,0.169,2956.126448,88.35998535
Vanuatu,VUT,2018,70.626,0.137,3206.657487,110.32492065
Vanuatu,VUT,2019,70.783,0.164,3207.446505,112.13746643
Samoa,WSM,2003,71.441,0.27,1798.124297,81.95996094
Samoa,WSM,2005,71.487,0.267,2550.042214,121.24176788
Samoa,WSM,2008,71.531,0.447,3373.606399,156.89399719
Samoa,WSM,2010,71.451,0.332,3524.247925,185.43850708
Samoa,WSM,2013,71.229,0.464,4023.525401,247.41108704
Samoa,WSM,2016,71.003,0.329,4147.070977,238.35044861
Samoa,WSM,2019,70.269,0.558,4351.942349,242.91064453
Samoa,WSM,2020,70.727,0.562,4099.596605,252.77748108
Samoa,WSM,2021,71.096,0.561,4021.559349,285.65393066
"Yemen, Rep.",YEM,2004,64.881,0.305,627.6320234,34.62483978
"Yemen, Rep.",YEM,2008,66.609,0.275,1071.635833,61.74676514
"Yemen, Rep.",YEM,2009,66.905,0.275,969.2435099,58.02085114
"Yemen, Rep.",YEM,2014,68.003,0.27,1430.16421,83.48936462
South Africa,ZAF,2004,53.963,0.711,5221.463337,362.28662109
South Africa,ZAF,2007,54.948,0.679,6591.85536,455.17498779
South Africa,ZAF,2008,55.982,0.679,6184.754743,442.10626221
South Africa,ZAF,2009,57.413,0.69,6374.7056,487.62774658
South Africa,ZAF,2010,58.886,0.705,7973.471958,621.41906738
South Africa,ZAF,2011,60.602,0.709,8646.055711,686.87243652
South Africa,ZAF,2012,61.737,0.715,8076.976785,646.49920654
South Africa,ZAF,2013,62.388,0.729,7331.654674,593.80157471
South Africa,ZAF,2014,63.184,0.74,6856.731371,539.30780029
South Africa,ZAF,2015,64.053,0.763,6112.273825,491.90652466
South Africa,ZAF,2016,64.749,0.753,5651.205852,456.56936646
South Africa,ZAF,2017,65.422,0.775,6618.335083,527.52026367
South Africa,ZAF,2018,65.726,0.742,6914.178032,558.80145264
South Africa,ZAF,2019,66.071,0.779,6533.71121,538.80438232
South Africa,ZAF,2021,62.01,0.781,6828.756246,592.9465332
South Africa,ZAF,2022,65.454,0.794,6534.248678,570.48028564
Zambia,ZMB,2004,50.54,0.132,548.6859746,29.99057961
Zambia,ZMB,2005,51.615,0.055,710.9820682,44.99598694
Zambia,ZMB,2006,52.693,0.054,1051.717149,58.68175507
Zambia,ZMB,2008,54.835,0.061,1375.50211,61.82287216
Zambia,ZMB,2009,55.886,0.059,1136.241683,59.38909531
Zambia,ZMB,2010,56.896,0.06,1451.10616,59.98767853
Zambia,ZMB,2016,61.129,0.09,1239.085279,55.39532089
Zambia,ZMB,2018,62.138,0.224,1463.899979,69.82767487
Zambia,ZMB,2019,62.914,0.237,1258.986198,85.02349854
Zambia,ZMB,2020,63.361,0.253,951.6443167,60.01779938
Zambia,ZMB,2021,62.363,0.295,1127.160779,74.83802795
Zambia,ZMB,2022,65.279,0.324,1447.123101,75.40128326
Zimbabwe,ZWE,2010,51.925,0.121,902.0107591,94.44809723
Zimbabwe,ZWE,2011,53.911,0.078,1037.775652,83.82868195
Zimbabwe,ZWE,2012,55.386,0.077,1239.227097,85.69155121
Zimbabwe,ZWE,2013,56.842,0.08,1362.994983,96.86148834
Zimbabwe,ZWE,2014,58.106,0.119,1372.915262,111.61201477
Zimbabwe,ZWE,2015,58.989,0.174,1387.126326,103.31652832
Zimbabwe,ZWE,2016,59.76,0.172,1408.139453,102.15909576
Zimbabwe,ZWE,2017,60.263,0.179,3445.44941,91.87199402
Zimbabwe,ZWE,2018,60.906,0.201,2270.895319,114.76815033
Zimbabwe,ZWE,2019,61.06,0.123,2184.329239,55.10725403
Zimbabwe,ZWE,2020,61.53,0.128,2059.674454,51.14250565
Zimbabwe,ZWE,2021,60.135,0.136,2613.605421,60.89874268
Zimbabwe,ZWE,2022,62.36,0.127,2536.400502,68.90727997
